"Variable","Error"
"Q28_01_MONTH",0.504
"Q28_02_MONTH",0.539
"Q28_03_MONTH",0.59
"Q28_04_MONTH",0.579
"Q28_05_MONTH",0.548
"Q28_06_MONTH",0.215
"Q28_07_MONTH",0.398
"Q28_08_MONTH",0.168
"Q28_09_MONTH",0.461
"Q28_10_MONTH",0.426
"Q28_11_MONTH",0.6
"Q28_12_MONTH",0.546
"Q28_13_MONTH",0.558
"Q28_14_MONTH",0.474
"Q28_15_MONTH",0.458
"Q28_16_MONTH",0.354
"Q28_17_MONTH",0.333
"Q28_18_MONTH",0.476
"Q28_19_MONTH",0.544
"Q28_20_MONTH",0.346
"Sum_GAD2",0.664
"Sum_PHQ2",0.713
"Active_SI_FINAL",0.426
"PCS",0.286
"MCS",0.693
"PPAGE",0.209
"PPGENDER",0.19
