"Variable","Error"
"cape_jong_1a",0.238
"cape_jong_2a",0.337
"cape_jong_3a",0.455
"cape_jong_4a",0.164
"cape_jong_5a",0.073
"cape_jong_6a",0.281
"cape_jong_7a",0.038
"cape_jong_8a",0.309
"cape_jong_9a",0.477
"cape_jong_10a",0.095
"cape_jong_11a",0.23
"cape_jong_12a",0.468
"cape_jong_13a",0.242
"cape_jong_14a",0.217
"cape_jong_15a",0.24
"cape_jong_16a",0.376
"cape_jong_17a",0
"cape_jong_18a",0.273
"cape_jong_19a",0.258
"cape_jong_20a",0.17
"cape_jong_21a",0.487
"cape_jong_22a",0.382
"cape_jong_23a",0.141
"cape_jong_24a",0
"cape_jong_25a",0.367
"cape_jong_26a",0.161
"cape_jong_27a",0.327
"cape_jong_28a",0.125
"cape_jong_29a",0.39
"cape_jong_30a",0.021
"cape_jong_31a",0.28
"cape_jong_32a",0.412
"cape_jong_33a",0.1
"cape_jong_34a",0
"cape_jong_35a",0.254
"cape_jong_36a",0.496
"cape_jong_37a",0.358
"cape_jong_38a",0.26
"cape_jong_39a",0.516
"cape_jong_40a",0.353
"cape_jong_41a",0
"cape_jong_42a",0
"dass_01",0.417
"dass_02",0.231
"dass_04",0.183
"dass_06",0.382
"dass_07",0.074
"dass_08",0.514
"dass_09",0.43
"dass_11",0.582
"dass_12",0.547
"dass_14",0.442
"dass_15",0.44
"dass_18",0.477
"dass_19",0.283
"dass_20",0.303
