date,beepno,beeptime,Relaxed,Down,Irritated,Satisfied,Lonely,Anxious,Enthusiastic,Suspicious,Cheerful,Guilty,Indecisive,Strong,Restless,Agitated,Worrying,Concentration
13/08/12,1,8:58,5,-1,1,5,-1,-1,4,1,5,-1,1,5,1,1,1,5
14/08/12,5,14:32,4,0,3,3,0,0,3,1,4,0,1,4,1,2,1,4
14/08/12,6,16:17,4,0,2,3,0,0,4,1,4,0,2,4,2,1,1,3
14/08/12,8,18:04,4,0,1,4,0,0,4,1,4,1,1,4,1,1,1,4
14/08/12,9,20:57,4,0,2,4,0,0,4,1,4,1,2,3,2,1,1,4
14/08/12,10,21:54,5,0,1,4,0,0,3,1,3,1,2,3,1,1,1,3
15/08/12,2,10:03,5,0,1,3,0,0,3,1,4,0,3,4,1,1,1,4
15/08/12,3,10:43,3,1,1,3,0,0,3,1,3,0,4,3,1,1,1,4
15/08/12,4,12:44,3,0,3,3,0,0,3,1,3,0,3,4,1,3,1,4
15/08/12,5,14:09,3,0,2,4,0,-1,3,1,3,1,3,4,2,2,1,3
15/08/12,6,16:18,2,-1,4,2,0,0,3,2,3,1,2,3,1,3,1,4
15/08/12,7,17:14,4,0,3,3,0,0,3,1,3,0,2,3,2,3,1,4
15/08/12,8,18:26,4,0,2,4,0,0,3,1,4,0,2,3,3,2,1,4
15/08/12,9,19:55,3,-1,3,3,0,0,3,1,3,1,3,3,2,3,1,3
15/08/12,10,21:34,4,0,2,1,0,0,3,1,4,0,1,4,1,1,1,3
16/08/12,2,9:10,5,1,2,4,0,0,3,1,3,0,3,3,2,2,1,4
16/08/12,3,11:07,3,0,3,3,0,0,3,1,3,0,3,4,3,2,1,4
16/08/12,10,22:04,4,0,3,3,0,0,3,1,4,0,2,3,2,2,1,4
17/08/12,1,7:36,5,1,1,4,0,-1,3,1,3,-1,1,3,1,1,1,2
17/08/12,2,9:38,5,0,1,5,-1,-1,4,1,4,0,2,5,1,1,1,5
17/08/12,3,11:22,5,1,2,3,0,-1,3,1,3,0,2,4,2,2,1,4
17/08/12,5,14:46,3,0,3,3,-1,-1,3,1,4,-1,2,4,2,3,1,3
17/08/12,6,16:27,3,0,3,3,0,0,3,1,3,0,3,3,3,3,1,4
17/08/12,7,16:58,5,0,2,5,-1,-1,5,1,5,0,1,5,1,1,1,5
17/08/12,8,18:00,5,0,1,3,-1,-1,4,1,4,-1,2,4,2,2,1,3
17/08/12,9,19:38,5,0,1,4,0,0,4,1,4,0,1,4,1,1,1,4
17/08/12,10,21:16,5,0,1,5,-1,-1,5,1,5,-1,2,5,1,1,1,4
18/08/12,1,8:40,5,0,1,5,0,0,5,1,5,0,1,5,1,1,1,5
18/08/12,2,9:42,5,0,2,4,0,0,3,1,4,0,2,4,1,1,1,4
18/08/12,6,16:26,6,0,1,5,0,0,4,1,5,0,1,5,1,1,1,5
18/08/12,8,18:58,4,0,2,5,0,0,4,1,5,1,2,4,1,2,1,4
18/08/12,9,20:38,5,0,1,4,0,0,3,1,4,0,2,3,1,1,1,4
18/08/12,10,21:52,5,0,2,4,0,0,3,1,4,0,2,3,2,1,1,4
19/08/12,2,9:44,4,2,2,3,2,1,3,2,3,1,4,3,2,2,4,4
19/08/12,4,12:13,4,2,1,3,1,0,3,2,3,0,2,3,2,2,3,3
19/08/12,5,14:43,4,1,2,4,1,0,3,1,3,0,2,3,1,1,2,4
19/08/12,6,16:04,4,0,2,4,0,0,4,1,4,0,2,3,2,2,1,4
19/08/12,7,17:28,5,0,1,5,0,0,4,1,5,0,2,4,2,2,1,4
19/08/12,8,18:15,5,0,1,4,0,0,4,1,5,0,1,5,1,1,5,5
20/08/12,4,12:22,4,0,2,4,0,0,3,1,4,0,2,4,2,2,1,5
20/08/12,6,16:11,4,0,2,4,0,0,3,1,4,0,2,4,2,2,1,5
20/08/12,9,20:26,5,0,1,5,0,0,5,1,5,0,1,5,1,1,1,5
21/08/12,1,8:14,5,0,1,5,0,0,5,1,5,0,1,5,1,1,1,5
21/08/12,3,10:46,4,0,1,3,0,0,3,1,3,0,3,3,1,1,1,3
21/08/12,4,12:46,3,1,2,3,0,0,4,1,4,1,3,3,1,2,1,4
21/08/12,5,14:32,4,1,1,3,0,0,3,1,3,1,4,3,1,2,1,2
21/08/12,6,16:17,5,0,1,4,0,0,3,1,4,1,2,3,1,2,1,4
21/08/12,7,17:02,4,0,2,4,0,0,4,1,4,0,2,4,2,2,1,4
21/08/12,9,20:57,5,0,1,5,0,0,5,1,5,0,1,5,1,1,1,5
21/08/12,10,21:54,4,0,3,4,0,0,4,1,4,0,1,5,1,2,1,5
22/08/12,1,8:54,4,1,1,3,0,-1,3,1,3,0,2,3,1,1,1,4
22/08/12,2,10:03,4,0,1,4,0,0,4,1,4,0,3,4,1,1,1,4
22/08/12,3,10:43,4,0,2,4,0,0,4,1,4,0,2,4,2,2,1,4
22/08/12,4,12:44,3,0,3,4,0,0,4,1,4,0,2,4,2,3,1,4
22/08/12,5,14:09,4,0,3,5,0,0,4,1,5,0,2,5,2,2,1,5
22/08/12,6,16:18,5,0,1,5,0,0,5,1,5,0,1,5,1,1,1,5
22/08/12,7,17:14,5,1,2,3,0,0,4,1,3,0,2,4,2,2,1,4
22/08/12,8,18:26,5,0,1,5,-1,0,5,1,5,0,1,5,1,1,1,5
22/08/12,10,21:34,5,0,1,5,0,0,4,1,5,0,1,5,1,2,1,5
23/08/12,2,9:10,5,-1,1,5,0,0,5,1,5,0,1,5,1,1,1,5
23/08/12,3,11:07,5,-1,1,5,0,0,5,1,5,0,2,5,1,1,1,5
23/08/12,4,12:40,5,0,2,4,0,0,3,1,4,0,3,4,2,2,1,3
23/08/12,5,14:08,5,0,1,5,0,0,4,1,5,0,1,5,1,1,1,5
23/08/12,7,17:32,4,0,2,3,0,0,4,1,4,1,3,3,3,3,1,4
23/08/12,9,19:49,4,0,2,4,0,0,3,1,3,0,2,4,2,1,1,4
23/08/12,10,22:04,4,1,2,3,1,0,3,1,4,0,2,3,2,2,1,4
24/08/12,1,7:36,4,1,1,3,0,1,3,1,3,0,3,3,2,2,1,3
24/08/12,2,9:38,4,1,3,3,0,0,3,1,3,1,3,3,1,2,3,3
24/08/12,3,11:22,4,0,2,4,0,0,3,1,4,0,2,4,2,2,1,4
24/08/12,4,13:08,3,1,3,3,0,0,3,1,3,1,3,3,2,3,2,4
24/08/12,5,14:46,5,-1,1,6,-1,-1,5,1,5,-1,1,5,1,1,1,5
25/08/12,1,8:40,5,-1,1,6,-1,0,5,1,5,0,1,5,1,1,1,5
25/08/12,4,13:21,5,-1,1,6,-1,-1,5,1,5,-1,1,5,1,1,1,5
25/08/12,7,17:20,4,1,2,3,0,0,4,1,3,0,1,4,2,2,1,4
26/08/12,1,8:13,4,1,2,3,0,0,3,1,4,0,2,4,1,1,2,4
26/08/12,2,9:44,4,1,1,4,0,0,3,1,3,0,3,3,1,1,2,3
26/08/12,4,12:13,5,0,2,5,0,0,4,1,4,0,2,4,2,2,1,4
26/08/12,5,14:43,5,0,2,3,0,0,3,1,4,0,2,5,1,1,1,5
26/08/12,7,17:28,4,1,2,3,0,0,3,1,3,0,3,3,1,2,1,4
26/08/12,9,20:17,4,1,1,3,1,0,3,1,3,0,3,3,2,2,1,4
26/08/12,10,21:43,5,0,2,3,0,0,4,1,4,0,3,3,2,2,1,4
27/08/12,1,8:52,5,1,1,5,0,0,4,1,3,0,3,4,1,2,1,4
27/08/12,2,9:54,4,1,2,3,0,0,3,1,3,0,2,3,2,2,1,3
27/08/12,3,10:56,3,1,1,3,0,0,3,1,3,0,3,3,2,1,1,3
27/08/12,4,12:22,5,0,1,5,0,0,4,1,4,0,2,4,1,1,1,4
27/08/12,6,16:11,4,0,2,3,0,0,3,1,4,0,2,3,2,2,1,4
27/08/12,8,18:34,4,0,1,5,0,0,4,1,4,0,1,4,1,1,1,4
27/08/12,10,21:36,4,0,2,5,0,0,4,1,5,0,2,4,1,2,1,4
28/08/12,1,8:14,3,1,2,3,0,0,3,1,3,0,2,3,1,3,2,3
28/08/12,2,10:00,5,0,2,5,0,0,4,1,5,0,2,5,1,1,1,5
28/08/12,3,10:46,4,0,3,4,0,0,4,1,3,0,3,4,3,3,1,4
28/08/12,4,12:46,4,0,2,5,0,0,4,1,4,0,2,4,2,1,1,5
28/08/12,5,14:32,5,-1,1,5,-1,0,5,1,5,0,1,5,1,1,1,5
28/08/12,7,17:02,4,0,3,5,0,0,4,1,4,0,3,4,1,1,1,5
28/08/12,10,21:54,5,1,2,3,0,0,3,1,3,1,3,3,3,2,1,4
29/08/12,1,8:54,4,1,2,3,0,0,3,1,3,0,2,3,2,2,1,4
29/08/12,2,10:03,5,0,1,5,0,0,4,1,5,0,1,5,1,1,1,5
29/08/12,3,10:43,5,0,2,4,0,0,3,1,3,0,2,3,2,2,1,4
29/08/12,4,12:44,5,0,1,5,0,0,4,1,5,0,1,5,1,1,1,5
29/08/12,5,14:09,4,0,3,3,0,0,3,1,4,0,2,4,3,2,1,3
29/08/12,6,16:18,4,0,2,4,0,0,3,1,4,0,3,3,2,2,1,3
29/08/12,7,17:14,4,0,3,4,0,0,3,1,4,0,1,3,2,3,1,4
29/08/12,10,21:34,3,0,4,2,0,0,3,1,3,0,2,3,3,3,1,4
30/08/12,1,7:42,5,1,2,4,0,0,3,1,4,0,2,3,1,2,2,4
30/08/12,2,9:10,3,0,3,3,0,0,3,1,4,0,2,4,2,3,1,4
30/08/12,3,11:07,5,0,2,5,0,0,4,1,4,0,2,5,1,2,1,5
30/08/12,4,12:40,5,0,2,5,0,0,4,1,4,0,2,5,2,2,1,5
30/08/12,6,16:20,5,0,1,5,0,0,4,1,4,0,2,5,1,1,1,5
30/08/12,7,17:32,4,0,2,5,0,0,4,1,4,0,2,3,2,1,1,4
30/08/12,9,19:49,5,-1,1,5,0,0,5,1,5,0,1,5,1,1,1,5
30/08/12,10,22:04,5,-1,1,5,0,0,5,1,5,0,1,5,1,1,1,5
31/08/12,2,9:38,4,0,3,3,0,0,3,1,3,0,2,3,1,3,1,3
31/08/12,4,13:08,4,0,2,4,0,0,4,1,4,0,1,4,1,2,1,4
31/08/12,5,14:46,4,0,2,4,0,0,3,1,4,0,2,3,2,2,1,4
31/08/12,6,16:27,4,-1,3,3,0,0,4,1,4,0,1,4,1,2,1,4
31/08/12,7,16:58,4,0,3,3,0,0,3,1,3,0,1,3,2,4,1,3
1/9/12,2,9:42,5,0,1,5,0,0,4,1,5,0,1,5,1,1,1,5
1/9/12,3,10:34,5,-1,1,5,0,-1,5,1,5,-1,1,5,1,1,1,5
1/9/12,5,14:37,4,0,2,4,0,0,4,1,4,0,1,3,2,2,1,4
1/9/12,6,16:26,5,-1,1,5,-1,-1,4,1,5,0,1,5,1,1,1,5
1/9/12,9,20:38,5,0,1,5,0,0,5,1,5,0,1,5,1,1,1,5
1/9/12,10,21:52,5,-1,1,5,0,0,5,1,5,0,1,5,1,1,1,5
2/9/12,1,8:13,4,1,2,4,0,0,3,1,3,0,1,3,1,1,2,3
2/9/12,2,9:44,3,0,3,4,0,0,4,1,5,0,1,4,1,2,1,5
2/9/12,10,21:43,5,0,1,6,0,0,4,1,5,0,1,5,1,1,1,5
3/9/12,1,8:52,5,0,1,5,0,0,5,1,5,0,1,5,1,1,1,5
3/9/12,2,9:54,6,-1,1,5,-1,-1,5,1,5,-1,1,5,1,1,1,5
3/9/12,3,10:56,4,0,2,4,0,0,4,1,4,0,2,5,1,2,1,5
3/9/12,4,12:22,4,0,2,3,0,0,3,1,3,0,2,3,1,3,1,3
3/9/12,5,14:25,4,0,2,3,0,0,3,1,4,0,2,3,2,2,1,4
3/9/12,6,16:11,4,0,1,5,0,0,4,1,4,0,1,1,1,1,1,4
3/9/12,7,16:30,3,0,4,4,0,0,3,1,4,0,1,4,1,3,1,5
3/9/12,10,21:36,5,0,2,4,0,0,4,1,5,0,1,5,2,2,1,5
4/9/12,1,8:14,5,0,1,5,0,0,5,1,5,0,1,5,1,1,1,5
4/9/12,2,10:00,5,0,1,4,0,0,4,1,4,0,3,4,1,1,1,3
4/9/12,3,10:46,5,0,2,5,0,0,4,1,5,0,2,5,1,2,1,5
4/9/12,4,12:46,5,0,2,4,0,0,4,1,4,0,2,4,1,2,1,4
4/9/12,5,14:32,4,0,3,3,0,0,3,1,3,0,3,3,3,3,1,3
4/9/12,6,16:17,5,0,2,5,0,0,4,1,5,0,1,5,1,1,1,5
4/9/12,7,17:02,5,0,2,5,0,0,5,1,5,0,1,5,1,1,1,5
4/9/12,8,18:04,5,0,1,5,0,0,4,1,5,0,1,5,1,1,1,5
4/9/12,9,20:57,4,0,3,3,0,0,3,1,4,0,2,3,2,3,1,4
4/9/12,10,21:54,4,0,1,5,0,0,4,1,4,0,1,3,1,1,1,4
5/9/12,1,8:54,5,-1,1,5,-1,-1,5,1,5,-1,1,5,1,1,1,5
5/9/12,2,10:03,5,-1,2,6,-1,-1,6,1,5,-1,1,5,1,1,1,5
5/9/12,3,10:43,5,0,1,5,0,0,5,1,5,0,1,5,1,1,1,5
5/9/12,8,18:26,5,0,1,5,0,0,4,1,5,0,1,4,1,1,1,5
5/9/12,9,19:55,5,0,1,5,0,0,5,1,5,0,1,5,1,1,1,5
6/9/12,1,7:42,5,-1,1,5,-1,-1,5,1,5,-1,1,5,1,1,1,5
6/9/12,2,9:10,5,0,2,3,0,0,4,1,4,0,3,4,1,1,1,3
6/9/12,3,11:07,3,0,3,3,0,0,3,1,4,0,2,3,1,3,1,4
6/9/12,4,12:40,5,0,2,5,0,0,4,1,4,0,2,4,1,2,1,4
6/9/12,6,16:20,4,1,3,3,0,0,3,1,3,0,3,3,1,3,1,3
6/9/12,7,17:32,5,0,1,5,0,0,5,1,5,0,1,5,1,1,1,5
6/9/12,8,18:28,5,0,2,5,0,0,4,1,5,0,1,5,1,1,1,5
6/9/12,9,19:49,5,0,2,4,0,0,5,1,5,0,1,5,1,2,1,5
6/9/12,10,22:04,4,0,3,4,0,0,3,1,4,0,3,4,1,3,1,4
7/9/12,1,7:36,5,0,1,4,0,0,4,1,3,0,2,4,1,1,1,3
7/9/12,3,11:22,4,0,2,4,0,0,4,1,4,0,3,3,2,2,1,4
7/9/12,4,13:08,5,-1,1,5,-1,-1,5,1,5,-1,2,5,1,1,1,5
7/9/12,5,14:46,5,0,1,5,0,0,4,1,4,0,1,4,1,2,1,3
7/9/12,6,16:27,4,0,2,4,0,0,4,1,4,0,2,3,2,2,1,4
7/9/12,7,16:58,4,0,3,4,0,0,3,1,4,0,1,4,2,3,1,5
7/9/12,8,18:00,4,0,2,5,0,0,5,1,5,0,1,5,1,1,1,5
8/9/12,1,8:40,5,0,1,5,0,0,3,1,4,0,2,4,1,1,1,3
8/9/12,2,9:42,5,-1,1,5,-1,-1,5,1,5,-1,1,5,1,1,1,5
8/9/12,3,10:34,4,0,3,4,0,0,3,1,4,0,1,3,1,2,1,4
8/9/12,4,13:21,4,0,3,3,0,0,3,1,4,0,2,4,2,2,1,4
8/9/12,6,16:26,4,0,2,4,0,0,3,1,4,0,2,3,2,2,1,4
8/9/12,8,18:58,4,0,4,4,0,0,3,1,3,0,1,4,2,4,1,5
8/9/12,9,20:38,5,1,2,5,1,0,3,1,5,0,1,4,2,2,2,4
8/9/12,10,21:52,5,1,1,4,1,0,3,1,3,0,2,3,2,2,2,4
9/9/12,1,8:13,4,1,1,4,1,0,2,1,3,0,1,3,1,1,1,2
9/9/12,5,14:43,4,0,1,5,0,0,3,1,4,0,3,5,1,1,1,5
9/9/12,8,18:15,5,0,2,5,0,0,4,1,4,0,1,5,1,1,1,5
9/9/12,9,20:17,5,0,1,5,0,0,5,1,5,0,1,5,1,1,1,5
10/9/12,1,8:52,4,1,2,4,1,0,3,1,4,1,4,3,2,2,1,4
10/9/12,2,9:54,3,0,2,3,0,0,3,1,4,1,3,4,3,3,1,4
10/9/12,3,10:56,4,1,3,3,1,0,3,1,3,0,2,3,1,3,1,5
10/9/12,4,12:22,4,1,1,4,0,0,3,1,4,0,2,3,2,2,1,4
10/9/12,5,14:25,5,0,1,4,0,0,3,1,4,-1,2,4,2,2,2,5
10/9/12,6,16:11,4,0,3,4,0,0,3,1,4,0,1,4,2,2,1,5
10/9/12,8,18:34,5,-1,1,5,0,0,5,1,5,0,1,5,1,1,1,5
10/9/12,9,20:26,5,0,1,5,0,0,5,1,5,0,1,5,1,2,1,5
10/9/12,10,21:36,5,0,2,5,0,0,1,1,5,0,2,5,2,2,1,5
11/9/12,1,8:14,5,0,1,5,0,0,4,1,5,0,2,4,2,1,1,5
11/9/12,2,10:00,4,1,2,3,1,0,4,1,3,0,2,3,1,3,1,4
11/9/12,3,10:46,4,1,3,4,0,0,3,1,4,0,2,4,2,2,1,4
11/9/12,5,14:32,4,1,3,4,0,0,3,1,3,0,2,3,3,3,1,4
11/9/12,6,16:17,3,0,3,3,0,0,3,1,4,0,2,4,3,3,1,5
11/9/12,7,17:02,3,0,4,3,0,0,3,1,3,0,1,4,4,4,1,5
11/9/12,8,18:04,5,0,1,5,0,0,5,1,5,0,1,5,1,1,1,5
12/9/12,1,8:54,5,0,1,5,0,0,3,1,4,0,2,4,1,1,2,2
12/9/12,2,10:03,5,0,2,5,0,0,3,2,5,0,2,5,1,1,1,5
12/9/12,4,12:44,4,0,1,5,-1,0,4,1,5,0,1,5,1,2,1,5
12/9/12,5,14:09,4,0,2,4,0,0,5,1,5,0,1,4,3,2,1,5
12/9/12,8,18:26,4,0,2,5,0,0,4,1,5,0,2,5,1,2,1,5
13/09/12,1,7:42,4,2,2,3,1,0,3,2,3,1,3,3,1,3,3,5
13/09/12,2,9:10,3,0,3,3,0,0,3,1,3,0,1,3,2,3,2,5
13/09/12,3,11:07,5,1,1,4,0,0,4,1,4,0,2,4,2,2,1,4
13/09/12,4,12:40,4,-1,1,5,-1,-1,6,1,5,0,1,5,1,1,1,5
13/09/12,5,14:08,5,-1,1,5,-1,-1,6,1,5,-1,1,6,1,1,1,5
13/09/12,6,16:20,5,-1,1,6,-1,-1,6,1,5,-1,1,5,1,1,1,5
13/09/12,7,17:32,5,-1,1,6,-1,-1,5,1,6,0,1,5,1,1,1,5
13/09/12,8,18:28,5,0,1,6,-1,-1,6,1,6,-1,1,5,1,1,1,5
13/09/12,9,19:49,6,-1,1,5,0,0,5,1,5,0,1,5,1,1,1,5
13/09/12,10,22:04,4,0,1,4,0,0,4,1,4,0,1,4,1,1,1,3
14/09/12,1,7:36,5,-1,1,6,-1,0,5,1,5,0,1,6,1,1,1,5
14/09/12,4,13:08,5,0,2,5,0,0,4,1,5,0,1,6,1,2,1,5
14/09/12,5,14:46,4,-1,2,5,-1,-1,6,1,5,0,1,5,1,3,1,5
14/09/12,6,16:27,4,0,2,5,0,0,4,1,5,0,1,5,2,2,1,4
14/09/12,7,16:58,3,0,3,4,0,0,4,1,5,0,1,5,2,2,1,5
14/09/12,8,18:00,3,0,3,5,0,0,4,1,5,0,1,5,3,2,1,5
14/09/12,9,19:38,3,-1,3,5,0,0,5,1,5,0,1,5,3,2,1,5
15/09/12,1,8:40,4,0,2,5,0,0,5,1,5,0,1,5,1,2,1,5
15/09/12,2,9:42,4,0,2,5,0,0,4,1,4,0,2,3,2,2,1,3
15/09/12,3,10:34,3,0,2,3,0,0,3,1,3,0,2,3,2,2,1,3
15/09/12,4,13:21,3,0,3,4,0,0,3,1,4,0,1,4,3,2,1,4
15/09/12,5,14:37,3,0,3,3,0,0,3,1,4,0,2,4,3,2,1,4
15/09/12,6,16:26,3,0,4,2,0,0,3,1,4,-2,3,3,4,3,1,4
15/09/12,7,17:20,2,0,4,3,0,0,3,1,3,1,3,3,3,3,1,3
15/09/12,8,18:58,4,0,1,5,0,0,5,1,5,0,1,5,1,2,1,5
15/09/12,9,20:38,4,0,1,4,0,0,4,1,4,0,1,4,1,1,1,4
15/09/12,10,21:52,4,0,2,3,0,0,3,1,4,0,1,4,1,1,1,4
16/09/12,2,9:44,4,-1,1,5,-1,-1,5,1,5,-1,1,5,1,1,1,5
16/09/12,3,11:52,4,1,2,4,0,0,3,1,4,0,1,4,1,2,1,4
16/09/12,4,12:13,4,0,2,5,0,0,5,1,5,0,1,5,1,1,1,5
16/09/12,5,14:43,3,0,3,3,0,0,3,1,3,0,2,3,3,2,1,4
16/09/12,6,16:04,3,0,3,4,0,0,4,1,4,0,2,5,3,3,1,4
16/09/12,7,17:28,5,-1,2,5,0,0,4,1,5,0,1,5,1,2,1,5
16/09/12,8,18:15,3,-1,2,5,0,0,5,1,5,0,1,5,2,1,1,5
16/09/12,9,20:17,4,0,2,4,0,0,3,1,4,0,1,4,2,2,1,4
16/09/12,10,21:43,3,0,4,3,0,0,4,1,4,0,2,4,2,4,1,4
17/09/12,1,8:52,4,1,2,3,0,0,3,1,4,0,2,3,2,2,1,4
17/09/12,2,9:54,2,1,3,3,0,0,3,1,4,0,2,3,2,2,1,4
17/09/12,3,10:56,4,0,2,5,0,0,5,1,4,0,2,5,2,1,1,5
17/09/12,4,12:22,5,0,1,6,0,0,5,1,5,0,1,5,1,1,1,5
17/09/12,5,14:25,3,0,2,4,0,0,3,1,4,0,2,3,1,2,1,4
17/09/12,6,16:11,3,0,3,5,0,0,4,1,4,0,2,4,1,3,1,5
17/09/12,7,16:30,3,0,4,3,0,0,4,1,4,0,1,3,3,4,1,4
17/09/12,8,18:34,5,0,1,5,0,0,5,1,5,0,1,5,1,1,1,5
17/09/12,9,20:26,5,-1,1,6,-1,-1,5,1,5,-1,1,5,1,1,1,5
17/09/12,10,21:36,5,0,2,3,0,0,3,1,3,0,2,4,2,2,1,4
18/09/12,1,8:14,3,1,3,3,0,0,3,1,3,0,2,3,2,3,1,4
18/09/12,2,10:00,3,0,3,3,0,0,3,1,3,0,2,3,2,2,1,4
18/09/12,3,10:46,4,1,2,4,0,0,3,1,3,0,2,3,1,2,1,3
18/09/12,4,12:46,4,0,1,5,0,0,5,1,5,0,2,5,1,1,1,5
18/09/12,5,14:32,3,0,3,3,0,0,3,1,3,0,3,3,3,3,1,4
18/09/12,6,16:17,4,0,4,3,0,0,3,1,4,0,3,3,4,3,1,4
18/09/12,8,18:04,3,1,3,3,0,0,3,1,4,0,3,3,4,3,1,4
18/09/12,10,21:54,4,0,1,4,0,0,4,1,3,0,1,4,1,2,1,4
19/09/12,1,8:54,4,1,2,3,0,0,3,1,4,0,2,5,1,2,1,4
19/09/12,2,10:03,3,1,2,3,0,0,3,1,3,0,3,3,2,2,1,4
19/09/12,3,10:43,4,0,2,4,0,0,3,2,4,0,3,4,3,2,1,4
19/09/12,4,12:44,3,0,4,4,0,0,3,1,3,0,1,4,3,3,1,5
19/09/12,5,14:09,3,0,3,4,0,0,5,1,3,0,2,4,2,3,1,5
19/09/12,6,16:18,4,-1,2,5,-1,0,5,1,5,0,1,5,2,2,1,5
19/09/12,7,17:14,5,-1,1,6,-1,-1,5,1,5,-1,1,5,1,1,1,5
19/09/12,8,18:26,5,-2,1,6,-1,-1,5,1,5,-1,1,5,2,1,1,5
19/09/12,9,19:55,4,0,2,4,0,0,4,2,4,0,1,4,2,2,1,5
20/09/12,1,7:42,5,1,2,5,0,-1,4,1,3,-1,2,4,1,1,2,4
20/09/12,3,11:07,3,1,2,4,0,0,3,1,4,0,2,4,2,2,1,5
20/09/12,4,12:40,4,0,3,5,-1,-1,4,1,3,-1,1,4,1,2,1,5
20/09/12,7,17:32,2,0,4,3,0,0,3,1,4,0,2,3,3,4,1,5
20/09/12,8,18:28,4,0,1,5,0,0,5,1,5,0,1,5,1,1,1,5
20/09/12,9,19:49,4,0,1,5,0,0,3,1,4,0,2,4,2,2,1,4
21/09/12,1,7:36,5,0,1,5,0,0,5,5,5,0,1,5,1,2,1,5
21/09/12,2,9:38,5,0,3,4,-1,-1,4,1,4,-1,2,5,2,2,1,5
21/09/12,3,11:22,5,-1,1,5,-1,-1,5,1,5,-1,1,6,1,1,1,5
21/09/12,5,14:46,5,0,2,4,0,0,4,1,4,0,1,3,2,2,1,4
21/09/12,6,16:27,5,0,2,5,0,0,3,1,4,0,2,3,2,2,1,5
21/09/12,7,16:58,4,1,3,2,0,0,3,2,4,0,1,4,2,3,1,5
21/09/12,8,18:00,5,-1,1,6,-1,-1,5,1,5,-1,1,5,1,1,1,5
22/09/12,1,8:40,5,0,2,5,0,0,4,1,4,0,2,4,1,1,1,4
22/09/12,3,10:34,4,-1,1,6,-1,-1,5,1,5,-1,1,5,1,2,1,5
22/09/12,4,13:21,4,0,3,4,0,0,4,1,4,0,1,5,2,2,1,4
22/09/12,6,16:26,5,0,2,5,0,0,4,1,5,0,1,4,2,2,1,5
22/09/12,8,18:58,5,0,2,4,0,0,4,1,4,0,2,4,1,2,1,4
22/09/12,9,20:38,5,0,2,5,0,0,3,1,4,0,2,5,2,2,1,4
23/09/12,2,9:44,5,-1,1,6,-1,-1,5,1,5,-1,1,5,1,1,1,5
23/09/12,3,11:52,5,0,1,5,0,0,4,1,5,0,1,5,1,1,1,5
23/09/12,4,12:13,5,0,1,5,0,0,4,1,5,-1,1,6,1,1,1,5
23/09/12,5,14:43,5,-1,1,5,-2,-1,5,1,5,-1,1,5,1,1,1,5
23/09/12,6,16:04,4,0,2,5,0,0,4,1,5,0,1,5,1,1,1,5
23/09/12,9,20:17,4,0,1,4,0,0,3,1,3,0,1,3,1,1,1,4
23/09/12,10,21:43,4,0,1,5,0,0,3,1,4,0,1,4,1,2,1,4
24/09/12,1,8:52,4,1,2,3,0,0,3,1,4,0,2,4,2,2,1,4
24/09/12,2,9:54,4,0,3,4,0,0,4,1,3,0,3,4,1,3,1,4
24/09/12,5,14:25,3,0,3,3,-1,0,3,1,3,-1,1,4,3,3,1,5
24/09/12,6,16:11,2,0,5,3,0,0,3,2,3,0,1,3,3,4,1,4
24/09/12,9,20:26,5,0,2,4,0,0,4,1,4,0,1,5,1,1,1,5
24/09/12,10,21:36,4,0,1,4,0,0,4,1,4,0,1,4,1,1,1,5
25/09/12,1,8:14,5,0,1,6,0,0,5,1,4,0,1,5,1,1,1,5
25/09/12,4,12:46,4,0,2,5,0,0,4,1,5,0,2,5,2,1,1,5
25/09/12,5,14:32,5,0,2,3,0,0,4,1,3,0,2,3,2,2,1,4
25/09/12,6,16:17,5,-1,1,6,-1,-1,6,1,6,-1,1,6,1,1,1,5
25/09/12,7,17:02,5,-1,2,5,-1,-1,5,1,5,-1,1,5,1,1,1,5
25/09/12,8,18:04,4,0,1,5,0,0,4,1,4,0,1,4,1,1,1,5
25/09/12,9,20:57,3,0,4,3,0,0,3,1,4,0,1,3,1,3,1,4
25/09/12,10,21:54,5,0,1,6,0,0,4,1,5,0,1,5,1,1,1,5
26/09/12,1,8:54,5,0,1,5,0,0,4,1,5,0,2,5,2,1,1,5
26/09/12,2,10:03,4,0,2,4,0,0,3,1,3,0,2,4,2,2,1,4
26/09/12,3,10:43,4,0,1,5,0,0,4,1,5,0,1,5,1,1,1,5
26/09/12,4,12:44,3,1,3,3,0,0,3,2,3,0,3,3,3,3,2,4
26/09/12,5,14:09,4,2,2,3,1,0,3,1,3,1,4,4,2,2,3,3
26/09/12,6,16:18,3,0,3,3,1,0,3,1,3,0,3,3,4,3,1,4
26/09/12,8,18:26,5,0,2,4,0,0,3,1,4,0,2,4,1,2,1,4
26/09/12,9,19:55,5,1,1,5,0,0,4,1,4,0,2,3,1,1,3,4
26/09/12,10,21:34,4,0,1,5,0,0,4,1,4,0,2,4,2,1,1,4
27/09/12,1,7:42,5,0,2,5,0,0,4,1,5,0,1,5,1,1,1,5
27/09/12,4,12:40,5,-1,1,6,-1,-1,6,1,5,-1,1,5,1,1,1,5
27/09/12,5,14:08,5,-3,1,6,-2,-2,6,1,6,-2,1,6,1,1,1,5
27/09/12,6,16:20,5,-1,1,5,-2,-1,5,1,4,-1,1,5,1,1,1,5
27/09/12,7,17:32,5,-2,1,6,-2,-1,5,1,5,-1,1,6,1,1,1,5
27/09/12,8,18:28,5,-1,1,6,-1,-1,5,1,5,-1,1,5,1,1,1,5
27/09/12,9,19:49,5,-1,1,5,-1,-1,5,1,1,-1,1,5,1,1,1,4
27/09/12,10,22:04,5,0,1,5,0,0,3,1,4,0,1,3,1,1,1,4
28/09/12,1,7:36,5,0,1,3,0,0,4,1,4,0,1,4,2,1,1,4
28/09/12,2,9:38,5,-1,1,6,-1,-1,5,1,5,-1,1,5,1,1,1,5
28/09/12,3,11:22,4,-1,2,5,-1,-1,6,1,5,-1,1,5,2,2,1,5
28/09/12,4,13:08,3,0,3,3,0,0,3,1,3,0,1,3,1,2,1,4
28/09/12,6,16:27,5,0,1,5,0,0,5,1,5,-1,1,5,1,1,1,5
28/09/12,8,18:00,4,0,1,3,0,0,3,1,3,0,2,3,1,2,1,3
28/09/12,9,19:38,4,0,2,4,0,0,3,1,3,0,2,3,2,2,1,4
28/09/12,10,21:16,3,-1,3,3,0,0,3,1,3,0,2,3,2,3,1,3
29/09/12,1,8:40,5,0,1,5,-1,-1,4,1,5,-1,2,4,2,2,2,5
29/09/12,2,9:42,4,1,2,3,0,0,3,1,4,0,2,3,2,2,1,4
29/09/12,3,10:34,3,1,3,3,1,0,3,1,3,0,3,3,2,2,2,3
29/09/12,4,13:21,5,0,1,5,0,0,3,1,4,0,2,4,2,2,1,5
29/09/12,5,14:37,5,-1,1,6,-1,-1,6,1,5,-1,1,5,1,1,1,5
29/09/12,6,16:26,4,0,3,3,0,0,3,1,3,1,3,3,3,3,1,3
29/09/12,7,17:20,4,0,1,4,-1,0,5,1,4,0,2,3,2,2,1,5
29/09/12,9,20:38,5,0,1,5,0,0,5,1,5,0,1,5,1,1,1,5
29/09/12,10,21:52,4,1,2,3,0,0,3,1,3,0,3,3,2,2,1,4
30/09/12,1,8:13,5,0,1,5,0,0,3,1,4,0,1,3,1,1,1,1
30/09/12,2,9:44,4,1,2,3,0,0,3,1,3,0,2,3,1,2,2,3
30/09/12,3,11:52,4,1,2,4,1,0,3,1,4,0,2,4,3,3,2,4
30/09/12,4,12:13,4,0,3,3,0,0,3,1,3,0,3,3,3,3,1,3
30/09/12,6,16:04,4,0,2,5,0,0,4,1,4,0,2,3,1,1,1,3
30/09/12,8,18:15,2,0,5,3,0,0,3,1,3,0,1,3,4,4,1,4
30/09/12,9,20:17,5,0,1,5,0,0,3,1,4,0,2,3,1,2,1,4
30/09/12,10,21:43,3,0,5,4,0,0,3,1,3,0,2,4,2,3,1,4
1/10/12,1,8:52,4,1,1,3,0,0,3,1,3,0,2,3,1,2,1,4
1/10/12,2,9:54,4,0,2,3,0,0,3,1,3,0,3,4,3,3,1,4
1/10/12,3,10:56,4,0,2,4,0,0,3,1,4,0,2,3,4,2,1,4
1/10/12,4,12:22,3,0,3,4,0,0,3,1,4,0,3,3,3,3,1,4
1/10/12,5,14:25,3,0,5,4,0,0,3,1,3,0,1,3,4,3,1,4
1/10/12,6,16:11,4,0,2,4,0,0,3,1,4,0,2,4,2,2,1,4
1/10/12,7,16:30,5,0,1,5,0,0,4,1,5,0,2,4,1,1,1,4
1/10/12,8,18:34,5,0,1,5,0,0,5,1,5,0,1,5,1,1,1,5
1/10/12,10,21:36,3,0,3,4,0,0,3,1,3,0,1,3,3,2,1,3
2/10/12,1,8:14,4,0,2,4,0,0,4,1,4,0,2,4,3,2,2,4
2/10/12,2,10:00,3,0,3,4,0,0,4,1,4,0,2,4,2,2,1,5
2/10/12,3,10:46,4,0,3,5,0,0,4,1,4,0,2,5,2,3,1,4
2/10/12,4,12:46,4,0,3,3,0,0,3,1,4,0,2,4,4,3,1,3
2/10/12,5,14:32,4,0,4,3,0,0,3,1,3,0,2,3,4,3,1,4
2/10/12,6,16:17,4,0,4,3,0,0,3,1,4,0,2,3,4,4,1,4
2/10/12,7,17:02,3,0,5,3,0,0,4,1,3,0,2,3,4,5,1,3
2/10/12,8,18:04,5,0,2,5,0,0,4,1,5,0,1,5,2,2,1,5
2/10/12,9,20:57,5,0,2,5,0,0,4,1,4,0,2,4,3,2,1,5
2/10/12,10,21:54,5,0,2,5,0,0,4,1,4,0,1,4,1,2,1,5
3/10/12,1,8:54,3,2,1,3,0,0,3,1,3,0,3,3,1,2,4,4
3/10/12,2,10:03,3,2,1,2,2,0,3,3,2,1,4,3,2,2,5,4
3/10/12,3,10:43,4,1,2,3,1,0,3,1,3,0,2,3,2,2,3,4
3/10/12,10,21:34,4,1,2,4,1,0,3,1,3,0,2,3,2,2,2,4
4/10/12,1,7:42,4,0,2,4,0,0,4,1,4,0,1,4,1,2,2,4
4/10/12,2,9:10,4,0,3,4,0,0,4,1,4,0,1,4,1,2,1,5
4/10/12,3,11:07,5,0,1,5,0,0,4,1,4,0,2,4,1,2,1,5
4/10/12,5,14:08,4,0,2,4,0,0,4,1,3,0,2,4,3,3,1,3
4/10/12,8,18:28,4,0,2,4,0,0,3,1,4,0,2,4,3,2,1,4
4/10/12,9,19:49,4,0,1,5,0,0,4,1,3,0,2,4,2,2,1,3
4/10/12,10,22:04,4,1,2,3,0,0,3,1,3,0,2,3,2,2,2,3
5/10/12,2,9:38,3,1,2,3,0,0,3,1,3,0,3,2,2,2,2,3
5/10/12,3,11:22,4,1,2,5,0,0,4,1,3,0,3,3,2,2,2,4
5/10/12,4,13:08,4,0,2,5,0,0,4,1,4,0,2,3,3,2,2,4
5/10/12,5,14:46,5,0,1,5,0,0,4,1,5,0,2,4,1,2,1,4
5/10/12,6,16:27,4,0,2,4,0,0,3,1,3,0,3,3,3,2,1,4
5/10/12,7,16:58,3,1,4,4,0,0,3,1,3,0,1,3,4,4,1,4
5/10/12,8,18:00,3,0,5,4,0,0,4,1,3,0,1,3,4,4,1,4
5/10/12,9,19:38,2,0,5,4,0,0,3,1,4,0,1,4,3,4,1,4
6/10/12,3,10:34,4,0,2,4,0,0,4,2,4,0,2,4,2,2,2,4
6/10/12,4,13:21,4,0,3,5,0,0,4,1,4,0,2,4,2,2,1,5
6/10/12,5,14:37,4,1,2,4,0,0,4,1,3,0,2,3,3,2,1,4
6/10/12,6,16:26,4,0,3,4,0,0,3,1,4,0,2,4,2,3,1,4
6/10/12,9,20:38,5,0,1,5,0,0,5,1,5,0,1,5,1,1,1,5
6/10/12,10,21:52,5,0,1,5,0,0,3,1,5,0,2,5,1,1,1,5
7/10/12,2,9:44,4,1,1,4,0,0,3,1,3,1,1,4,1,1,1,2
7/10/12,3,11:52,5,1,1,5,0,0,5,1,5,0,3,5,2,2,1,5
7/10/12,4,12:13,5,0,2,4,0,0,4,1,4,0,3,4,2,2,1,5
7/10/12,5,14:43,5,-1,1,5,-1,0,5,1,5,0,2,5,1,1,1,5
7/10/12,8,18:15,5,0,1,5,0,0,5,1,5,0,1,5,1,1,1,5
8/10/12,1,8:52,6,-1,1,6,-1,-1,5,1,5,-1,1,6,1,1,1,5
8/10/12,2,9:54,4,0,3,3,0,0,4,1,3,0,2,4,3,3,1,4
8/10/12,3,10:56,4,0,2,4,0,0,4,1,3,0,4,3,2,2,1,3
8/10/12,5,14:25,5,-1,1,5,-1,-1,4,1,5,-1,2,5,3,2,1,5
8/10/12,6,16:11,4,0,3,3,0,0,3,1,3,1,3,4,4,3,1,4
8/10/12,7,16:30,4,1,4,3,0,0,3,1,3,0,3,3,4,3,1,4
8/10/12,9,20:26,5,0,1,5,0,0,4,1,5,0,2,5,1,1,1,5
8/10/12,10,21:36,4,0,4,4,0,0,3,2,4,0,2,3,3,3,1,4
9/10/12,1,8:14,4,0,1,4,0,0,4,1,4,0,4,4,2,1,1,3
9/10/12,2,10:00,4,0,2,4,0,0,4,1,4,0,4,3,1,1,1,3
9/10/12,3,10:46,5,-1,1,5,0,0,5,1,5,0,2,5,1,1,1,5
9/10/12,4,12:46,5,0,1,5,0,0,4,1,5,0,4,5,2,1,1,5
9/10/12,6,16:17,4,0,2,3,0,0,3,1,4,0,5,3,4,2,1,4
9/10/12,8,18:04,3,-1,2,6,-1,-1,5,1,5,-1,1,6,3,2,1,5
9/10/12,9,20:57,4,0,2,5,0,0,4,1,4,0,1,3,3,2,1,4
9/10/12,10,21:54,5,0,2,5,0,0,5,1,5,0,1,5,1,1,1,5
10/10/12,1,8:54,3,0,1,3,0,0,3,1,3,0,2,3,1,1,1,3
10/10/12,2,10:03,4,0,2,3,0,0,3,1,4,0,3,3,1,2,1,3
10/10/12,3,10:43,5,0,1,5,0,0,5,1,5,0,1,5,1,1,1,5
10/10/12,4,12:44,4,0,3,5,0,0,4,1,5,0,1,5,2,2,1,5
10/10/12,5,14:09,3,0,3,3,0,0,3,1,4,-1,2,4,3,3,1,4
10/10/12,8,18:26,5,-1,1,5,0,0,4,1,5,0,1,5,1,1,1,5
10/10/12,9,19:55,5,-1,1,5,0,-1,4,1,5,-1,1,5,1,1,1,4
10/10/12,10,21:34,5,-1,1,5,-1,-1,5,1,5,-1,2,5,2,1,1,5
11/10/12,1,7:42,5,0,1,5,0,0,4,1,5,0,1,5,1,1,1,5
11/10/12,2,9:10,5,0,1,5,0,0,5,1,5,0,1,5,1,1,1,5
11/10/12,3,11:07,4,-1,2,5,-1,-1,4,1,5,0,2,5,2,1,1,5
11/10/12,4,12:40,4,0,3,5,0,0,5,1,5,0,1,5,2,2,1,5
11/10/12,5,14:08,4,0,3,4,0,0,5,1,4,0,1,3,2,3,1,4
11/10/12,6,16:20,5,-1,1,6,-1,-1,6,1,6,-1,1,6,1,1,1,5
11/10/12,7,17:32,4,0,1,5,0,0,4,1,3,0,2,4,3,2,1,4
11/10/12,9,19:49,5,-1,1,6,-1,-1,5,1,5,-1,1,5,1,1,1,5
11/10/12,10,22:04,4,0,1,5,0,0,4,1,5,0,1,5,2,1,1,5
12/10/12,1,7:36,5,0,1,5,0,0,4,1,5,0,1,5,1,1,1,5
12/10/12,3,11:22,4,0,2,5,0,0,4,1,5,0,1,5,2,2,1,4
12/10/12,4,13:08,3,0,3,4,0,0,3,1,4,0,1,4,3,3,1,3
12/10/12,7,16:58,4,2,2,3,2,0,3,2,3,1,3,3,2,3,4,3
12/10/12,9,19:38,5,0,2,5,0,0,4,1,4,0,2,4,2,2,1,4
13/10/12,1,8:40,5,0,1,5,0,0,3,1,4,-1,1,1,1,1,2,3
13/10/12,2,9:42,5,1,1,4,1,0,3,1,4,0,2,3,1,1,3,4
13/10/12,3,10:34,5,1,1,4,0,0,4,1,3,0,2,4,1,2,2,4
13/10/12,4,13:21,4,0,3,5,0,0,4,1,4,0,1,5,1,2,1,5
13/10/12,6,16:26,4,-1,2,6,-1,-1,5,1,5,-1,1,5,2,1,1,5
13/10/12,7,17:20,5,0,1,5,0,0,4,1,5,0,1,4,1,1,1,5
13/10/12,9,20:38,5,0,1,5,0,0,6,1,5,0,1,5,1,1,1,5
13/10/12,10,21:52,5,0,1,5,0,0,4,1,5,0,1,5,1,1,1,5
14/10/12,2,9:44,5,0,1,5,0,0,5,1,5,0,1,5,1,1,1,5
14/10/12,3,11:52,5,0,2,5,0,0,5,1,5,0,1,5,1,1,1,5
14/10/12,5,14:43,4,0,4,4,0,0,4,1,5,0,1,4,3,3,1,4
14/10/12,7,17:28,5,0,1,5,0,0,4,1,5,0,1,5,1,1,1,5
15/10/12,1,8:52,5,-1,1,6,-1,-1,5,1,5,-1,1,5,1,1,1,5
15/10/12,2,9:54,5,0,1,5,0,0,5,1,5,0,1,5,1,1,1,5
15/10/12,3,10:56,5,0,1,6,0,0,5,1,5,0,2,5,2,1,1,5
15/10/12,4,12:22,5,0,1,5,0,-1,5,1,5,0,1,5,1,1,1,5
15/10/12,5,14:25,4,0,3,4,0,0,3,1,4,0,2,4,3,3,1,4
15/10/12,6,16:11,5,0,1,5,0,0,4,1,5,0,1,1,1,1,1,1
15/10/12,10,21:36,5,0,2,5,0,0,4,1,5,0,2,5,2,2,1,5
16/10/12,1,8:14,4,0,2,4,0,0,3,1,4,0,2,3,1,1,1,3
16/10/12,2,10:00,5,-1,1,6,0,0,5,1,5,0,2,5,2,1,1,5
16/10/12,3,10:46,5,-1,1,6,-1,-1,5,1,5,-1,1,5,1,1,1,5
16/10/12,4,12:46,5,0,1,5,0,0,4,1,5,0,1,5,1,1,1,3
16/10/12,5,14:32,5,0,1,4,0,0,3,1,4,0,1,3,1,1,1,3
16/10/12,6,16:17,4,0,2,4,0,0,3,1,4,0,3,3,1,1,1,3
16/10/12,7,17:02,4,0,3,5,0,0,5,1,5,0,2,5,2,3,1,5
16/10/12,8,18:04,5,0,1,5,0,0,4,1,5,0,1,5,1,1,1,5
16/10/12,10,21:54,4,0,1,4,0,0,4,1,4,0,1,4,1,2,1,4
17/10/12,1,8:54,4,0,2,5,0,0,5,1,5,0,2,4,2,1,2,4
17/10/12,3,10:43,4,1,2,3,0,0,3,1,3,0,4,3,2,2,2,3
17/10/12,4,12:44,3,0,3,3,0,0,3,1,3,1,4,3,3,3,2,4
17/10/12,5,14:09,4,1,3,2,0,0,3,1,3,1,4,3,4,3,2,3
17/10/12,6,16:18,3,1,2,4,0,0,4,1,3,1,4,3,2,3,2,5
17/10/12,7,17:14,3,0,4,3,0,0,3,1,3,0,4,3,4,4,1,4
17/10/12,8,18:26,4,0,1,4,0,0,3,1,3,0,3,4,2,2,1,4
17/10/12,9,19:55,5,0,1,5,0,0,4,1,4,0,3,4,1,1,1,5
17/10/12,10,21:34,5,0,2,5,0,0,5,1,4,0,2,4,2,2,1,4
18/10/12,1,7:42,5,-1,1,5,-1,-1,4,1,5,-1,1,5,1,1,1,5
18/10/12,2,9:10,5,0,1,5,0,0,5,1,5,0,1,5,1,1,1,5
18/10/12,3,11:02,5,0,2,4,0,0,4,1,4,0,3,4,1,1,1,5
18/10/12,6,16:04,4,0,5,5,0,0,5,1,3,-2,4,3,3,3,1,3
18/10/12,7,17:04,3,1,4,2,0,0,3,1,3,1,5,3,3,3,1,3
18/10/12,8,18:36,4,0,2,3,0,0,4,1,4,0,4,4,2,1,1,4
18/10/12,10,21:12,3,0,5,4,0,0,4,1,4,0,1,3,4,5,1,4
19/10/12,2,9:54,4,1,1,3,0,0,3,1,4,0,2,3,2,1,1,4
19/10/12,3,11:12,4,1,2,3,0,0,3,1,4,0,2,3,1,3,2,3
19/10/12,4,12:04,4,0,1,3,0,0,4,1,4,0,2,4,2,2,1,4
19/10/12,5,14:43,4,1,1,3,0,0,3,1,3,0,1,2,1,1,1,3
19/10/12,6,16:15,4,0,1,5,0,0,4,1,4,0,1,4,1,1,1,5
19/10/12,7,17:16,4,1,1,3,0,0,3,1,4,0,3,3,1,1,1,3
19/10/12,8,18:11,4,0,1,5,0,0,4,1,4,0,1,4,1,1,1,4
19/10/12,10,21:20,5,0,1,5,0,0,5,1,5,0,1,5,1,1,1,5
20/10/12,1,7:57,4,1,1,3,0,0,3,1,4,0,2,3,2,2,3,3
20/10/12,9,20:42,5,0,1,6,0,0,5,1,5,0,1,5,1,1,1,5
20/10/12,10,21:30,5,0,1,5,0,0,4,1,5,0,1,4,1,1,1,4
21/10/12,1,8:20,4,0,1,5,0,0,4,4,4,0,1,4,1,1,1,3
21/10/12,2,9:20,5,0,1,5,0,0,5,1,5,0,1,6,1,1,1,5
21/10/12,5,14:28,4,0,1,6,0,0,5,1,5,0,1,5,2,1,1,5
21/10/12,7,16:47,4,0,2,4,0,0,4,1,5,0,1,5,2,2,1,5
21/10/12,8,18:39,5,-2,1,6,0,0,6,1,5,0,1,6,1,1,1,5
21/10/12,9,20:09,4,0,2,5,0,0,5,1,5,0,2,5,2,1,1,5
21/10/12,10,21:42,5,0,2,4,0,0,3,1,4,0,2,4,1,2,1,4
22/10/12,1,8:58,5,-1,1,5,0,0,5,1,5,0,2,5,2,1,1,5
22/10/12,2,10:28,4,0,2,4,0,0,4,1,4,0,2,4,2,2,1,4
22/10/12,3,10:56,4,1,2,3,0,0,3,1,4,0,3,3,1,1,1,3
22/10/12,4,13:03,3,0,3,3,0,0,3,1,3,0,2,3,3,3,1,4
22/10/12,5,13:49,3,0,2,5,0,0,4,1,5,0,1,5,2,2,1,5
22/10/12,6,15:13,3,0,4,4,0,0,3,1,4,1,1,5,3,3,1,5
22/10/12,7,17:58,5,-1,1,6,-1,-1,6,1,5,-1,1,5,1,1,1,5
22/10/12,8,19:25,5,0,4,6,0,0,5,1,5,0,1,5,1,1,1,5
22/10/12,9,19:41,5,0,2,5,0,0,4,1,4,0,1,4,1,2,1,5
22/10/12,10,21:20,4,0,3,4,0,0,4,1,4,0,1,4,3,3,1,5
23/10/12,1,8:10,5,0,1,5,0,0,5,1,5,0,2,4,1,1,1,3
23/10/12,2,9:07,5,0,2,4,0,0,4,1,4,0,2,4,1,2,1,4
23/10/12,3,11:50,4,0,2,3,0,0,4,1,4,0,2,3,2,2,1,4
23/10/12,5,14:16,5,0,2,5,0,0,5,1,5,0,2,5,1,1,1,5
23/10/12,9,19:45,5,-1,1,5,-1,-1,6,1,5,-1,1,5,1,1,1,5
23/10/12,10,21:50,4,0,3,5,0,0,4,1,4,0,1,4,1,2,1,5
24/10/12,1,7:32,3,0,2,4,0,0,3,1,3,0,2,3,1,2,1,3
24/10/12,2,10:16,5,0,1,5,0,0,4,1,5,0,1,5,1,1,1,5
24/10/12,4,12:32,4,0,4,3,0,0,3,1,4,0,3,3,3,3,1,4
24/10/12,6,16:08,5,1,2,3,0,0,3,1,4,-2,4,3,2,2,1,3
24/10/12,7,17:18,3,0,3,3,0,0,3,1,4,1,4,4,3,3,1,4
24/10/12,8,18:10,4,0,3,4,0,0,4,1,4,0,3,4,3,3,1,4
25/10/12,3,11:02,4,0,4,3,0,0,3,1,3,0,3,3,3,4,1,4
25/10/12,6,16:04,4,0,2,5,-1,0,5,1,5,0,2,5,3,3,1,4
25/10/12,9,19:56,4,0,2,5,0,0,4,1,4,0,2,4,1,2,1,5
25/10/12,10,21:12,4,0,2,4,0,0,3,1,3,0,2,3,2,2,1,4
26/10/12,1,8:44,5,0,1,5,0,0,4,1,4,0,2,4,1,1,1,4
26/10/12,2,9:54,4,0,1,4,0,0,4,1,4,0,2,4,1,2,1,4
26/10/12,3,11:12,4,1,2,4,0,0,3,1,3,0,4,3,2,2,1,4
26/10/12,6,16:15,4,0,4,3,0,0,3,1,3,0,2,3,4,4,1,4
26/10/12,8,18:11,3,0,4,4,0,0,4,1,3,0,3,4,4,4,1,4
27/10/12,1,7:57,5,0,1,5,0,0,4,1,5,0,1,5,1,1,1,1
27/10/12,2,9:04,4,0,2,4,0,0,3,1,4,0,2,3,2,2,2,4
27/10/12,4,12:30,4,0,3,4,0,0,4,1,3,0,3,3,3,3,1,4
27/10/12,5,14:52,3,0,5,3,0,0,3,2,3,2,4,4,4,4,1,4
27/10/12,6,15:08,2,0,5,3,-1,0,3,1,3,1,5,3,5,5,1,3
27/10/12,7,16:38,3,0,4,3,0,0,3,1,4,0,4,3,4,4,1,4
27/10/12,8,18:46,5,-1,1,6,-1,-1,6,1,6,-1,1,5,1,1,1,5
28/10/12,1,8:20,5,0,4,1,0,0,4,1,4,0,1,5,4,1,1,5
28/10/12,2,9:20,4,2,1,3,2,0,3,3,3,0,3,3,1,2,5,3
28/10/12,3,11:24,5,1,4,5,0,0,4,1,4,0,1,4,1,1,2,5
28/10/12,6,15:51,4,0,2,4,0,0,4,4,3,0,3,3,3,2,1,4
28/10/12,8,18:39,4,0,2,5,0,0,4,1,4,0,1,4,1,3,1,5
28/10/12,9,20:09,4,0,2,4,0,0,4,1,4,0,3,3,2,2,1,4
29/10/12,1,8:58,5,0,1,5,0,0,5,1,5,0,1,5,1,1,1,5
29/10/12,2,10:28,4,0,1,5,-1,-1,4,1,5,-1,1,5,1,1,1,5
29/10/12,6,15:13,2,0,5,2,0,0,3,1,3,0,1,3,3,3,1,3
29/10/12,7,17:58,3,-1,5,2,0,-1,3,1,3,-1,2,4,5,6,1,4
29/10/12,8,19:25,4,0,2,4,0,0,4,1,3,0,2,3,4,3,1,4
29/10/12,10,21:20,4,0,3,3,0,0,3,1,3,0,2,3,3,2,1,3
30/10/12,1,8:10,5,0,2,5,0,0,4,1,4,0,1,5,1,1,1,5
30/10/12,2,9:07,5,0,1,5,0,0,4,1,4,0,2,5,1,1,1,5
30/10/12,4,12:35,3,0,5,5,0,0,4,1,4,0,1,4,3,3,1,5
30/10/12,5,14:16,3,0,4,4,0,0,3,1,4,0,1,4,4,3,1,5
30/10/12,7,17:32,4,0,3,4,0,0,3,1,4,0,2,3,2,2,1,4
30/10/12,8,18:05,4,0,2,5,0,0,4,1,4,0,2,4,1,2,1,4
30/10/12,9,19:45,4,0,1,4,0,0,3,1,4,0,2,3,3,2,1,4
30/10/12,10,21:50,4,0,2,5,0,0,4,1,5,0,3,5,1,2,1,5
31/10/12,2,10:16,4,0,2,5,0,0,4,1,4,0,3,4,2,2,1,4
31/10/12,3,11:08,3,0,5,4,0,0,3,1,3,0,2,3,3,4,1,4
31/10/12,4,12:32,4,-1,3,5,-1,-1,5,1,5,-1,1,5,2,2,1,5
31/10/12,5,14:34,4,0,3,4,0,0,4,1,4,0,2,4,3,3,1,4
31/10/12,9,20:22,5,0,2,5,0,0,4,1,5,0,1,5,1,2,1,5
31/10/12,10,21:20,4,0,4,5,0,0,4,1,4,0,2,5,2,4,1,5
1/11/12,1,8:56,5,1,1,5,0,0,3,1,4,0,2,4,1,1,2,5
1/11/12,2,9:20,5,0,1,5,0,0,5,1,5,0,1,5,1,1,1,5
1/11/12,3,11:02,5,-1,1,5,-1,-1,5,1,5,-1,1,5,1,1,1,5
1/11/12,4,12:38,4,0,3,5,0,0,4,1,4,0,2,5,3,2,1,5
1/11/12,7,17:04,5,0,2,5,0,0,5,1,5,0,1,5,2,2,1,5
1/11/12,8,18:36,5,0,4,5,0,0,5,1,5,0,1,5,1,1,1,5
1/11/12,9,19:56,4,0,2,5,0,0,3,1,4,0,1,3,2,2,1,4
1/11/12,10,21:12,5,0,1,5,0,0,3,1,4,0,2,3,2,1,1,4
2/11/12,1,8:44,5,-1,1,5,-1,-1,5,1,5,0,2,5,2,1,1,5
2/11/12,2,9:54,5,0,1,4,0,0,4,1,4,1,2,4,2,2,1,5
2/11/12,3,11:12,3,-1,3,4,-1,-1,3,1,4,-1,2,3,3,3,1,5
2/11/12,4,12:04,4,0,2,4,0,0,3,1,4,0,2,3,2,2,1,4
2/11/12,5,14:43,4,-1,2,5,0,0,4,1,5,0,1,5,2,1,1,5
2/11/12,7,17:16,4,0,3,5,0,0,4,1,5,0,2,4,1,1,1,5
2/11/12,8,18:11,4,-1,4,5,-1,-1,4,1,5,-1,1,5,2,2,1,5
3/11/12,1,7:57,5,0,1,5,-3,-3,4,1,5,0,1,5,1,1,1,5
3/11/12,2,9:04,5,0,2,5,0,0,5,1,5,0,2,5,1,1,1,5
3/11/12,3,11:36,3,0,5,4,0,0,3,1,3,0,1,3,3,3,1,5
3/11/12,4,12:30,4,0,2,5,0,0,4,1,4,0,2,4,2,2,1,5
3/11/12,5,14:52,4,0,3,4,0,0,4,1,3,0,2,4,3,4,1,3
3/11/12,6,15:08,4,-1,2,5,-1,-1,4,1,4,-1,2,4,2,2,1,4
4/11/12,1,8:20,5,0,1,5,0,0,4,1,4,0,1,4,1,1,2,3
4/11/12,2,9:20,4,2,1,4,1,0,3,2,4,0,2,3,1,2,4,5
4/11/12,3,11:24,5,0,1,6,0,0,5,1,5,0,1,5,1,1,1,5
4/11/12,4,12:03,5,0,3,5,0,0,4,1,5,0,1,5,2,2,1,5
4/11/12,8,18:39,3,0,5,4,0,0,3,1,3,0,2,3,3,5,1,4
4/11/12,9,20:09,5,0,3,4,0,0,3,1,4,0,1,3,2,4,1,4
4/11/12,10,21:42,4,0,3,4,0,0,3,1,4,0,1,4,2,3,1,4
5/11/12,2,10:28,4,0,2,4,0,0,3,2,4,0,3,5,1,2,1,5
5/11/12,3,10:56,5,0,1,5,0,0,5,1,5,0,1,5,1,1,1,5
5/11/12,4,13:03,4,0,3,5,0,0,4,1,4,0,2,4,2,2,1,4
5/11/12,5,13:49,5,0,2,5,0,0,4,1,4,0,2,4,1,2,1,4
5/11/12,7,17:58,5,0,2,5,0,0,4,1,5,0,1,5,1,1,1,5
5/11/12,10,21:20,5,0,1,5,0,0,6,1,1,0,1,5,1,1,1,5
6/11/12,1,8:10,6,0,1,5,0,0,5,1,5,0,1,5,1,1,1,5
6/11/12,2,9:07,4,0,2,5,0,0,4,1,4,0,1,4,2,2,1,5
6/11/12,3,11:50,4,0,2,4,0,0,3,1,4,0,2,3,1,3,1,4
6/11/12,5,14:16,3,0,5,3,0,0,3,1,3,0,1,4,3,4,1,4
6/11/12,6,15:04,3,0,4,4,0,0,3,1,4,0,1,4,3,4,1,5
6/11/12,8,18:05,4,0,3,4,0,0,3,1,4,0,2,4,2,2,1,4
6/11/12,10,21:50,4,0,1,4,0,0,4,1,4,0,2,4,1,2,1,4
7/11/12,1,7:32,5,0,1,5,0,0,5,1,5,0,1,5,1,1,1,5
7/11/12,2,10:16,5,0,1,5,0,0,6,1,5,0,1,5,1,1,1,5
7/11/12,3,11:08,5,0,2,5,0,0,4,1,4,0,3,4,2,2,1,4
7/11/12,4,12:32,4,0,2,4,0,0,4,1,4,0,3,3,1,2,1,3
7/11/12,6,16:08,4,0,2,4,0,0,4,1,4,0,2,4,2,2,1,5
7/11/12,8,18:10,5,0,2,5,0,0,4,1,5,0,1,5,2,2,1,5
8/11/12,1,8:56,4,0,4,5,0,0,4,1,5,0,1,5,2,3,1,5
8/11/12,3,11:02,4,0,4,4,0,0,3,1,4,0,1,4,2,4,1,5
8/11/12,4,12:38,3,0,5,3,0,0,4,1,3,0,2,4,4,4,1,5
8/11/12,6,16:04,4,0,2,3,0,0,3,1,3,0,4,3,3,4,1,4
8/11/12,9,19:56,4,1,2,3,0,0,3,1,4,2,4,3,2,3,1,4
9/11/12,1,8:44,5,1,1,5,0,0,5,1,5,0,1,4,1,1,2,5
9/11/12,2,9:54,5,1,1,5,0,0,4,1,5,0,4,3,2,1,2,5
9/11/12,3,11:12,5,0,2,5,0,0,5,1,5,0,4,5,2,2,2,5
9/11/12,4,12:04,4,1,2,3,0,0,3,1,3,1,4,3,3,4,2,4
9/11/12,5,14:43,3,1,3,2,0,0,3,1,3,1,4,3,4,4,2,3
9/11/12,7,17:16,3,1,4,3,0,0,3,1,3,1,3,3,4,4,1,3
9/11/12,8,18:11,2,2,5,2,0,0,3,2,3,2,5,3,5,5,2,3
10/11/12,2,9:04,3,3,2,2,1,0,2,3,2,1,3,2,2,3,5,3
10/11/12,3,11:36,4,2,2,3,1,0,3,2,3,1,3,3,2,2,4,3
10/11/12,4,12:30,4,1,3,3,0,0,3,2,4,0,3,3,2,3,2,4
10/11/12,5,14:52,3,1,5,2,0,0,2,3,3,0,3,2,4,4,2,4
10/11/12,6,15:08,2,1,5,2,0,0,2,3,3,1,3,2,4,5,2,3
10/11/12,7,16:38,3,1,3,3,0,0,3,2,3,1,3,3,4,3,3,4
10/11/12,8,18:46,4,0,1,4,0,0,3,1,3,0,2,4,2,2,2,4
10/11/12,9,20:42,4,0,2,3,0,0,3,1,3,0,3,3,3,3,2,4
10/11/12,10,21:30,4,0,2,4,0,0,4,1,4,0,3,3,3,2,1,4
11/11/12,5,14:28,5,1,1,4,0,0,3,2,4,0,2,4,2,2,2,4
11/11/12,6,15:51,5,1,1,4,0,0,5,1,5,0,1,4,1,1,2,4
11/11/12,7,16:47,5,1,1,4,0,0,4,1,4,0,2,3,2,1,1,4
11/11/12,8,18:39,5,0,2,5,0,0,4,1,4,0,3,4,2,2,2,4
11/11/12,9,20:09,5,0,1,4,0,0,3,1,5,0,1,5,2,1,1,5
11/11/12,10,21:42,5,0,2,5,0,0,5,1,4,0,1,4,2,2,1,4
12/11/12,3,10:56,4,0,3,3,1,0,3,2,3,0,3,3,3,2,1,4
12/11/12,4,13:03,4,0,1,5,0,0,4,1,5,0,1,4,2,1,1,5
12/11/12,5,13:49,4,1,2,4,0,0,4,2,4,0,2,4,2,2,2,4
12/11/12,6,15:13,4,1,2,3,0,0,3,2,4,1,2,4,2,2,1,4
12/11/12,7,17:58,3,1,5,2,0,0,2,2,3,1,3,3,4,5,1,4
12/11/12,8,19:25,4,1,3,4,0,0,3,1,3,1,2,3,4,3,1,4
12/11/12,9,19:41,4,0,4,2,0,0,2,2,3,0,2,3,4,4,1,4
12/11/12,10,21:20,3,1,5,2,0,0,3,1,3,0,3,2,5,5,1,3
13/11/12,1,8:10,4,1,2,3,0,0,3,1,4,0,2,4,2,2,1,4
13/11/12,2,9:07,4,1,2,4,0,0,3,1,3,0,3,3,2,3,1,4
13/11/12,4,12:35,2,0,7,2,0,0,3,2,2,0,2,3,5,5,1,4
13/11/12,5,14:16,4,0,1,4,0,0,3,2,4,0,2,4,3,3,1,4
13/11/12,6,15:04,4,0,3,4,0,0,4,2,4,0,2,4,3,3,1,4
13/11/12,8,18:05,4,0,2,5,0,0,4,1,4,0,1,3,2,2,1,4
13/11/12,10,21:50,4,0,3,4,0,0,4,1,4,0,2,4,3,3,1,4
14/11/12,2,10:16,4,0,2,5,0,0,4,1,5,0,2,4,2,1,1,5
14/11/12,3,11:08,4,-1,1,4,-1,-1,4,1,4,-1,2,3,2,2,1,4
14/11/12,5,14:34,2,0,6,2,0,0,3,2,4,0,2,3,4,4,1,4
14/11/12,8,18:10,3,0,5,3,0,0,3,1,3,0,1,3,4,3,1,3
14/11/12,9,20:22,4,0,1,4,0,0,4,1,3,0,2,4,2,2,1,4
15/11/12,1,8:56,4,0,2,4,0,0,3,1,4,0,1,4,2,2,1,4
15/11/12,3,11:02,4,-1,1,5,0,0,5,1,4,0,2,4,2,2,1,4
15/11/12,4,12:38,4,0,4,4,0,0,3,1,4,0,2,4,3,3,1,4
15/11/12,6,16:04,3,0,4,5,0,0,4,1,5,0,2,5,3,3,1,4
15/11/12,7,17:04,4,0,1,4,0,0,4,1,4,0,1,5,1,2,1,5
15/11/12,9,19:56,4,-1,1,5,-1,-1,5,1,5,0,1,5,1,1,1,5
16/11/12,1,8:44,5,-1,1,5,0,0,5,1,5,0,1,5,1,1,1,5
16/11/12,2,9:54,5,0,1,5,0,0,4,1,5,0,1,4,1,1,1,5
16/11/12,5,14:43,4,0,3,5,0,0,4,1,4,0,2,3,3,3,1,4
16/11/12,6,16:15,5,0,2,5,0,0,4,1,5,0,1,4,2,2,1,4
16/11/12,9,20:38,5,0,1,5,0,0,5,1,5,0,1,5,1,1,1,5
17/11/12,1,7:57,5,-1,1,6,0,0,4,1,5,0,1,5,1,1,1,4
17/11/12,5,14:52,4,0,2,5,0,0,4,1,4,0,1,4,2,2,1,4
17/11/12,6,15:08,4,0,1,4,0,0,4,1,5,0,2,3,2,2,1,4
17/11/12,8,18:46,5,-1,1,6,-1,-1,5,1,5,-1,1,5,1,1,1,5
17/11/12,9,20:42,4,0,3,5,0,0,4,1,4,0,1,4,2,3,1,5
18/11/12,2,9:20,5,0,2,4,0,0,4,1,4,0,4,3,1,2,1,3
18/11/12,3,11:24,5,0,1,5,0,0,5,1,5,0,1,5,1,1,1,5
18/11/12,6,15:51,4,0,2,5,0,0,5,1,5,0,2,5,3,3,1,5
18/11/12,7,16:47,5,-1,1,5,-1,-1,6,1,5,-1,1,5,1,1,1,5
18/11/12,8,18:39,5,0,2,5,0,0,5,1,5,0,1,5,1,1,1,5
18/11/12,9,20:09,5,0,2,5,0,0,4,1,5,0,2,5,2,1,1,5
19/11/12,1,8:58,4,0,4,4,0,0,4,1,4,0,1,4,2,3,1,5
19/11/12,2,10:28,5,-1,2,5,0,0,5,1,5,0,2,5,2,2,1,5
19/11/12,4,13:03,4,0,4,3,0,0,3,1,4,0,3,3,3,3,1,4
19/11/12,6,15:13,5,0,2,4,0,0,4,1,4,0,2,4,3,2,1,4
19/11/12,7,17:58,4,0,2,4,0,0,3,1,3,0,3,3,2,2,1,4
19/11/12,9,19:41,5,0,1,5,0,0,5,1,5,0,1,5,2,1,1,5
20/11/12,1,8:10,3,0,4,3,0,0,3,1,3,0,2,3,4,4,1,4
20/11/12,5,14:16,4,0,2,3,0,0,3,1,4,0,3,3,2,2,1,3
20/11/12,6,15:04,4,0,3,4,0,0,3,1,4,0,2,3,3,3,1,4
20/11/12,7,17:32,4,0,2,4,0,0,3,1,3,0,3,3,3,3,1,4
20/11/12,8,18:05,3,1,4,3,0,0,3,1,3,0,3,3,3,4,1,3
20/11/12,10,21:50,4,0,1,3,0,0,3,1,3,0,4,3,2,2,1,4
21/11/12,2,10:16,3,1,3,3,0,0,3,3,3,0,2,3,2,3,3,4
21/11/12,3,11:08,3,0,3,3,0,0,3,1,3,1,3,3,3,4,2,4
21/11/12,4,12:32,4,1,2,3,0,0,3,1,3,0,3,3,3,3,2,4
21/11/12,5,14:34,2,0,5,4,0,0,3,1,3,0,3,3,5,5,1,4
21/11/12,6,16:08,4,1,3,4,0,0,3,1,3,1,3,3,3,3,2,4
21/11/12,10,21:20,3,0,4,4,0,0,3,1,4,0,2,4,3,3,1,4
22/11/12,1,8:56,4,0,2,5,0,0,4,1,4,0,3,4,2,2,1,4
22/11/12,4,12:38,4,0,2,4,0,0,4,1,4,0,3,4,3,2,1,3
22/11/12,5,14:22,4,0,3,3,0,0,3,1,4,0,4,3,3,3,1,4
22/11/12,6,16:04,5,0,3,4,0,0,3,1,3,0,4,3,4,3,1,3
22/11/12,7,17:04,4,1,2,3,1,0,3,2,3,1,4,2,3,3,3,2
22/11/12,9,19:56,5,0,1,5,0,0,5,1,5,0,1,4,2,2,1,5
22/11/12,10,21:12,5,-1,1,5,0,0,4,1,4,0,2,4,1,2,1,5
23/11/12,1,8:44,5,0,1,5,0,0,5,1,5,0,1,4,1,1,1,5
23/11/12,2,9:54,5,-1,2,5,0,0,5,1,4,0,2,5,2,2,1,5
23/11/12,5,14:43,4,0,3,5,0,0,4,1,4,0,2,4,3,3,1,4
23/11/12,6,16:15,4,0,3,3,0,0,4,1,4,0,3,3,4,3,1,4
23/11/12,8,18:11,5,0,1,5,0,0,5,1,5,0,1,4,1,1,1,4
23/11/12,9,20:38,4,0,2,4,0,0,4,1,4,0,1,3,2,2,1,4
23/11/12,10,21:20,3,0,3,3,0,0,4,1,4,0,1,4,4,2,1,4
24/11/12,2,9:04,5,0,1,5,0,0,4,1,5,0,1,4,2,1,1,5
24/11/12,3,11:36,5,0,1,5,0,0,5,1,5,0,1,5,2,2,1,5
24/11/12,4,12:30,4,0,2,4,0,0,4,1,5,0,1,4,2,2,1,5
24/11/12,6,15:08,4,0,3,4,0,0,3,1,4,0,2,4,3,3,1,3
24/11/12,8,18:46,5,0,2,5,0,0,4,1,5,0,2,4,2,2,1,5
24/11/12,9,20:42,5,0,1,5,0,0,5,1,5,1,1,4,1,1,1,5
25/11/12,1,8:20,3,1,2,3,0,0,3,1,3,0,2,3,2,2,2,3
25/11/12,2,9:20,4,1,3,4,0,0,3,1,4,0,2,3,3,3,2,4
25/11/12,3,11:24,4,0,2,5,0,0,4,1,4,0,2,4,2,2,1,4
25/11/12,5,14:28,5,-1,1,5,0,0,5,1,5,0,1,5,1,1,1,5
25/11/12,8,18:39,5,0,2,5,0,0,4,1,5,0,2,5,2,1,1,5
25/11/12,9,20:09,5,0,2,5,0,0,4,1,4,0,2,4,1,2,1,5
26/11/12,1,8:58,4,0,2,5,0,0,4,1,4,0,1,5,1,2,1,5
26/11/12,2,10:28,5,0,2,5,0,0,5,1,5,0,1,5,1,1,1,5
26/11/12,3,10:56,5,-1,2,5,0,0,5,1,5,0,1,5,1,1,1,5
26/11/12,5,13:49,4,-1,2,6,-1,-1,6,1,5,-1,1,6,3,1,1,5
26/11/12,6,15:13,4,-1,2,6,-1,-1,5,2,5,-1,1,5,3,2,1,5
26/11/12,7,17:58,4,-1,2,6,-1,-1,5,2,5,-1,1,5,3,2,1,5
26/11/12,9,19:41,4,-1,4,5,-1,-1,5,1,5,-1,1,5,3,4,1,5
27/11/12,1,8:10,5,0,1,5,0,0,4,1,5,0,1,5,2,1,1,5
27/11/12,2,9:07,4,0,1,5,0,0,4,1,5,0,1,5,1,1,1,5
27/11/12,5,14:16,3,0,3,3,0,0,4,1,3,0,2,3,3,3,1,4
27/11/12,6,15:04,4,0,4,5,0,0,4,1,5,0,1,5,3,4,1,4
27/11/12,9,19:45,3,0,5,4,0,0,4,1,4,0,1,4,4,4,1,4
28/11/12,1,7:32,4,0,2,5,0,0,4,1,4,0,1,4,2,2,1,3
28/11/12,3,11:08,4,0,3,5,0,0,5,1,4,0,2,3,3,3,1,4
28/11/12,5,14:34,3,-1,5,4,-1,-1,3,1,3,-1,2,4,4,5,1,4
28/11/12,6,16:08,4,-1,2,4,-1,-1,5,1,5,-1,3,4,4,2,1,5
29/11/12,1,8:56,3,0,5,3,0,0,3,2,4,0,1,4,4,4,1,4
29/11/12,3,11:02,4,-1,4,4,-1,-1,3,1,4,-1,1,4,2,4,1,5
29/11/12,5,14:22,3,-1,5,4,-1,-1,3,2,3,-1,2,3,3,5,1,4
29/11/12,10,21:12,4,1,3,3,1,0,3,2,3,0,2,3,2,3,1,4
30/11/12,1,8:44,4,-1,4,4,-1,-1,3,1,4,-1,1,4,4,3,1,5
30/11/12,2,9:54,4,-1,4,4,-1,-1,3,2,4,-1,1,4,2,4,1,5
30/11/12,5,14:43,4,0,2,4,0,0,4,1,4,0,2,4,3,3,1,4
30/11/12,6,16:15,3,-1,4,4,-1,-1,4,2,4,-1,1,4,2,3,1,5
30/11/12,7,17:16,4,0,2,4,0,0,4,1,4,0,2,4,3,2,1,4
30/11/12,8,18:11,4,0,2,5,0,0,4,1,4,0,2,4,2,2,1,4
1/12/12,3,11:36,5,0,2,5,0,0,4,1,4,0,2,4,1,1,1,5
1/12/12,6,15:08,4,0,3,3,0,0,3,1,4,0,2,4,3,3,1,4
1/12/12,9,20:42,4,0,2,4,0,0,4,1,4,0,2,3,2,1,1,4
2/12/12,3,11:24,4,0,2,5,0,0,4,1,4,0,2,4,2,2,1,5
2/12/12,4,12:03,4,0,1,4,0,0,4,1,4,0,2,4,2,2,1,5
2/12/12,5,14:28,4,0,2,5,0,0,4,1,4,0,2,4,2,2,1,4
2/12/12,9,20:09,4,0,2,3,0,0,3,1,4,0,2,3,1,1,1,4
2/12/12,10,21:42,4,1,2,3,1,0,3,1,3,0,4,3,2,2,3,3
3/12/12,1,8:58,5,1,1,3,0,0,3,1,3,0,3,3,3,2,2,4
3/12/12,3,10:56,3,1,3,3,0,0,3,2,3,0,2,3,3,3,3,4
3/12/12,4,13:03,4,1,4,3,0,0,4,1,3,0,3,3,4,3,2,4
3/12/12,5,13:49,2,1,5,2,0,0,3,2,2,0,3,2,4,5,2,3
4/12/12,1,8:10,5,1,2,5,0,0,4,1,5,0,3,4,2,2,1,5
4/12/12,2,9:07,4,0,2,5,0,0,4,1,5,0,2,4,1,2,1,5
4/12/12,3,11:50,4,0,2,5,0,0,4,1,4,0,2,4,2,2,1,4
4/12/12,4,12:35,4,0,2,5,0,0,4,1,4,0,2,4,2,2,1,5
4/12/12,6,15:04,1,0,7,2,0,0,2,1,2,1,1,2,5,6,1,3
4/12/12,7,17:32,5,-1,1,5,0,0,5,1,5,0,1,4,2,1,2,5
4/12/12,9,19:45,5,0,1,5,0,0,5,1,5,0,1,5,1,1,1,5
4/12/12,10,21:50,4,1,3,4,0,0,3,1,4,0,2,3,2,2,2,4
5/12/12,2,10:16,5,0,1,6,0,0,5,1,5,0,1,4,1,1,1,5
5/12/12,5,14:34,5,0,3,4,0,0,4,2,5,0,3,5,2,2,1,5
5/12/12,7,17:18,4,0,3,4,0,0,3,2,4,0,2,3,2,2,1,4
5/12/12,9,20:22,4,1,2,3,0,0,3,2,4,0,2,3,2,2,1,4
5/12/12,10,21:20,4,0,1,4,0,0,4,1,4,0,1,4,2,2,1,5
6/12/12,1,8:56,4,0,2,5,0,0,4,1,4,0,3,4,2,2,1,5
6/12/12,2,9:20,4,0,3,4,0,0,4,1,4,0,2,4,2,2,1,4
6/12/12,3,11:02,4,0,2,5,0,0,4,1,3,0,3,3,3,2,1,4
6/12/12,4,12:38,5,0,2,5,0,0,4,1,5,0,3,4,2,1,1,3
6/12/12,5,14:22,3,0,4,3,0,0,3,1,3,0,4,3,3,3,1,4
6/12/12,7,17:04,4,1,4,3,0,0,3,1,3,0,2,3,4,4,1,3
6/12/12,8,18:36,4,0,1,4,0,0,4,1,5,0,2,4,1,2,2,4
6/12/12,10,21:12,4,0,4,3,0,0,3,1,3,0,4,3,3,3,1,4
7/12/12,1,8:44,4,2,2,3,0,0,3,2,4,0,3,3,3,3,3,4
7/12/12,2,9:54,3,1,4,3,1,0,3,2,3,0,2,3,4,4,3,3
7/12/12,4,12:04,5,1,3,4,0,0,3,2,4,0,4,3,3,2,2,4
7/12/12,6,16:15,3,1,3,3,1,0,3,2,3,1,4,3,3,3,3,3
7/12/12,7,17:16,4,1,3,3,1,0,3,2,3,1,4,3,3,3,2,4
7/12/12,10,21:20,4,1,2,4,0,0,3,2,3,1,3,3,3,3,3,4
8/12/12,2,9:04,4,3,2,2,1,0,2,2,3,1,4,3,2,3,5,4
8/12/12,3,11:36,5,1,2,4,0,0,3,1,4,0,3,4,2,2,2,5
8/12/12,4,12:30,4,1,2,4,0,0,4,2,3,1,5,4,3,3,3,4
8/12/12,5,14:52,4,0,4,4,0,0,3,1,4,0,2,4,2,2,1,4
8/12/12,7,16:38,4,0,2,5,0,0,4,1,5,0,2,5,2,1,1,5
8/12/12,8,18:46,4,0,3,4,0,0,3,1,3,0,2,3,2,3,2,4
8/12/12,9,20:42,5,0,1,5,0,0,4,1,5,0,1,5,1,1,1,5
8/12/12,10,21:30,5,0,1,5,0,0,5,1,5,0,1,5,1,1,1,5
9/12/12,1,8:20,4,0,1,4,0,0,3,1,4,0,1,4,2,1,1,4
9/12/12,2,9:20,5,0,2,5,0,0,4,1,5,0,1,5,1,2,1,5
9/12/12,8,18:39,5,0,1,6,0,0,5,1,5,0,1,5,1,1,1,5
9/12/12,9,20:09,5,0,1,5,0,0,5,1,5,0,2,4,1,1,1,4
9/12/12,10,21:42,5,0,1,4,0,0,4,1,5,0,1,4,1,1,1,5
10/12/12,2,10:28,4,0,2,5,0,0,4,1,5,0,2,5,2,2,1,5
10/12/12,3,10:56,5,-1,2,5,-1,-1,5,1,5,-1,2,5,1,1,1,5
10/12/12,4,13:03,4,0,3,5,0,0,4,2,5,0,1,4,2,2,1,5
10/12/12,5,13:49,4,0,3,4,0,0,4,2,4,0,1,4,3,3,1,4
10/12/12,6,15:13,4,-1,3,5,0,0,4,1,5,0,1,5,2,3,1,5
10/12/12,7,17:58,5,0,2,5,0,0,4,1,5,0,2,5,3,3,1,5
10/12/12,8,19:25,3,0,4,4,0,0,4,1,4,0,1,3,4,4,1,4
11/12/12,1,8:10,5,0,1,5,0,0,5,1,5,0,1,5,1,1,1,5
11/12/12,2,9:07,4,-1,5,5,0,-1,5,1,5,-1,1,5,3,4,1,5
11/12/12,4,12:35,3,1,5,3,0,0,3,3,3,0,2,3,6,5,3,4
11/12/12,5,14:16,4,-1,2,5,-1,-1,5,1,5,-1,1,5,2,2,1,5
11/12/12,6,15:04,5,0,2,5,0,0,4,1,5,0,1,4,2,2,1,5
11/12/12,9,19:45,3,0,3,4,0,0,3,1,4,0,1,3,3,3,1,4
12/12/12,2,10:16,4,0,3,5,0,0,4,1,5,0,1,4,3,3,1,5
12/12/12,4,12:32,2,-1,5,2,1,0,3,2,3,0,1,3,4,6,2,3
12/12/12,5,14:34,4,0,1,5,0,0,4,1,4,0,2,4,2,2,1,4
12/12/12,7,17:18,4,-1,2,5,-1,-1,5,1,5,-1,1,4,3,3,1,5
13/12/12,1,8:56,5,-1,1,5,-1,-1,5,1,5,-1,1,3,2,1,1,4
13/12/12,2,9:20,5,-1,3,5,-1,-1,5,1,5,-1,1,3,2,2,1,5
13/12/12,4,12:38,4,-1,2,6,-1,-1,5,1,5,-1,1,5,3,2,1,5
13/12/12,6,16:04,4,-1,2,6,-1,-1,5,1,5,-1,1,4,3,2,1,5
13/12/12,10,21:12,5,0,1,5,0,0,4,1,5,0,1,5,1,1,1,5
14/12/12,1,8:44,5,0,2,5,0,0,4,1,5,0,2,5,2,2,1,5
14/12/12,3,11:12,4,0,1,5,0,0,4,1,5,0,3,3,2,1,1,3
14/12/12,5,14:43,5,0,2,5,0,0,4,1,5,0,2,5,2,1,1,5
14/12/12,6,16:15,4,-1,3,5,-1,-1,5,1,5,-1,2,5,3,2,1,5
14/12/12,7,17:16,4,-1,3,5,-1,-1,5,1,5,-1,2,5,3,3,1,5
16/12/12,3,11:24,5,-1,1,6,-1,-1,5,1,5,-1,1,6,1,1,1,5
16/12/12,5,14:28,5,-1,2,5,-1,-1,5,1,5,-1,1,5,2,2,1,5
17/12/12,1,8:58,5,0,1,5,0,0,5,1,5,0,1,5,1,1,1,5
17/12/12,2,10:28,5,-3,1,5,-3,-3,4,1,5,-3,1,5,1,1,1,5
17/12/12,3,10:56,4,0,2,4,0,0,4,1,4,0,1,4,1,2,1,5
17/12/12,5,13:49,4,0,3,5,0,0,4,1,5,0,1,4,1,1,1,5
17/12/12,7,17:58,4,0,2,5,0,0,4,1,5,0,1,4,2,2,1,5
17/12/12,8,19:25,4,0,2,5,0,0,4,1,4,0,1,4,2,2,1,5
18/12/12,2,9:07,4,0,2,4,0,0,4,1,4,0,2,4,2,2,1,5
18/12/12,3,11:50,4,0,2,5,0,0,4,1,4,0,2,5,2,2,1,5
18/12/12,4,12:35,4,0,3,5,0,0,4,1,4,0,1,4,2,2,1,5
18/12/12,6,15:04,4,0,2,4,0,0,4,1,4,0,2,3,2,1,1,3
18/12/12,8,18:05,3,0,4,4,0,0,4,1,4,0,2,5,3,3,1,5
18/12/12,9,19:45,5,0,2,5,0,0,4,1,5,0,1,4,2,1,1,5
19/12/12,2,10:16,5,1,2,5,0,0,4,1,4,0,2,4,2,2,1,4
19/12/12,7,17:18,4,1,3,3,0,0,3,2,4,0,3,3,3,3,1,4
19/12/12,8,18:10,3,0,4,3,0,0,3,2,4,0,2,4,3,3,1,4
19/12/12,10,21:20,4,1,4,3,0,0,3,2,4,0,3,4,2,4,2,4
20/12/12,1,8:56,4,1,2,4,0,0,3,1,3,0,2,3,2,2,1,4
20/12/12,2,9:20,3,1,4,3,0,0,3,1,3,0,3,4,3,3,1,4
20/12/12,3,11:02,4,0,4,4,0,0,4,2,4,0,2,4,3,2,1,4
20/12/12,4,12:38,4,0,2,5,0,0,5,1,5,0,2,5,2,2,1,5
20/12/12,6,16:04,4,0,2,5,0,0,4,1,4,0,4,3,3,1,1,4
20/12/12,8,18:36,5,0,3,5,0,0,5,1,5,0,2,5,1,2,1,5
20/12/12,9,19:56,5,0,1,6,0,0,5,1,5,0,1,5,1,1,1,5
21/12/12,1,8:44,5,0,1,5,0,0,5,1,5,0,1,5,1,1,1,5
21/12/12,2,9:54,4,1,2,4,0,0,4,2,4,0,2,3,2,2,2,4
21/12/12,4,12:04,4,-1,1,5,-1,-1,6,1,5,-1,1,5,1,1,1,4
21/12/12,5,14:43,4,-1,2,5,0,0,5,1,4,0,1,5,3,2,1,5
21/12/12,8,18:11,4,0,2,5,0,0,4,2,5,0,2,4,3,2,1,4
22/12/12,2,9:04,4,0,1,4,0,0,4,2,4,0,2,4,2,2,2,5
22/12/12,3,11:36,4,0,2,5,0,0,4,1,5,0,2,4,2,2,1,5
22/12/12,8,18:46,5,0,1,5,0,0,5,1,5,0,1,5,1,1,1,5
22/12/12,9,20:42,4,0,2,4,0,0,4,1,5,0,1,5,2,2,1,4
23/12/12,2,9:20,4,3,1,3,2,0,3,3,3,1,4,3,2,2,4,4
23/12/12,3,11:24,4,3,1,2,2,0,2,3,2,1,4,2,2,2,5,3
23/12/12,4,12:03,3,3,2,3,3,0,2,3,1,1,4,3,2,2,6,4
23/12/12,6,15:51,3,1,5,3,0,0,3,2,4,0,2,4,3,4,1,4
23/12/12,8,18:39,4,1,3,4,1,0,4,2,4,0,3,4,2,3,2,4
24/12/12,1,8:58,5,0,2,4,0,0,4,2,5,0,1,5,2,2,2,5
24/12/12,2,10:28,4,0,2,3,0,0,3,1,4,0,2,4,2,3,1,4
24/12/12,4,13:03,5,0,1,5,0,0,4,2,5,0,1,5,2,1,1,5
24/12/12,5,13:49,5,0,2,5,0,0,4,1,4,0,3,4,3,2,1,5
24/12/12,8,19:25,5,0,1,5,0,0,5,1,5,0,1,5,1,1,1,5
24/12/12,10,21:20,5,0,1,5,0,0,4,1,5,0,1,5,1,1,1,5
25/12/12,3,11:50,5,0,1,5,0,0,5,1,5,0,1,5,1,1,1,5
25/12/12,5,14:16,5,1,2,5,1,0,3,2,4,0,2,4,1,2,3,4
25/12/12,6,15:04,5,0,1,5,0,0,5,1,5,0,1,5,1,1,2,5
25/12/12,7,17:32,3,0,6,4,0,0,3,2,4,0,2,4,4,4,1,5
25/12/12,8,18:05,3,0,5,4,0,0,3,2,4,0,1,4,3,3,1,5
25/12/12,9,19:45,5,0,1,5,0,0,4,1,4,0,1,4,2,2,2,5
26/12/12,1,7:32,4,1,2,4,0,0,3,2,3,0,1,3,2,3,3,3
26/12/12,4,12:32,4,1,1,4,0,0,4,1,4,0,2,3,1,2,2,5
26/12/12,6,16:08,2,NA,NA,NA,NA,NA,NA,NA,NA,NA,NA,NA,NA,NA,NA,NA
26/12/12,8,18:10,5,0,2,5,0,0,5,1,5,0,2,5,1,2,1,5
26/12/12,9,20:22,5,0,1,5,0,0,5,1,5,0,1,5,1,1,1,5
27/12/12,3,11:02,4,0,2,5,0,0,4,1,4,0,2,4,2,2,1,5
27/12/12,4,12:38,5,-1,1,5,-1,-1,5,1,5,-1,1,5,1,1,1,5
27/12/12,5,14:22,4,0,2,5,0,0,4,1,4,0,2,4,2,2,1,5
27/12/12,8,18:36,4,0,3,4,0,0,3,1,4,0,2,4,2,2,1,4
28/12/12,1,8:44,4,1,1,4,0,0,3,2,4,0,2,3,2,2,2,4
28/12/12,2,9:54,5,1,1,4,0,0,4,2,5,0,2,4,2,2,2,5
28/12/12,3,11:12,5,0,2,5,0,0,4,1,5,0,1,4,1,1,1,5
28/12/12,4,12:04,3,2,4,3,1,0,3,2,3,1,3,3,3,4,4,4
28/12/12,5,14:43,4,0,2,5,0,0,5,1,5,0,2,5,2,2,1,5
28/12/12,6,16:15,3,0,4,5,0,0,4,1,5,0,1,4,3,3,1,5
28/12/12,7,17:16,4,0,3,3,0,0,3,1,3,0,2,4,3,2,2,4
28/12/12,9,20:38,5,0,2,5,0,0,5,1,5,0,2,4,1,2,2,5
29/12/12,4,12:30,5,0,2,5,0,0,5,1,5,0,1,4,2,2,2,5
29/12/12,5,14:52,3,0,3,5,0,0,4,1,4,0,1,4,2,2,1,5
29/12/12,6,15:08,4,0,5,3,0,0,4,1,4,0,1,4,2,2,1,4
29/12/12,7,16:38,3,1,4,3,1,0,3,2,3,0,3,3,3,4,2,4
29/12/12,9,20:42,4,0,2,4,0,0,4,1,4,0,2,4,2,2,1,4
30/12/12,1,8:20,3,1,2,3,0,0,3,2,3,1,2,3,2,2,3,3
30/12/12,2,9:20,3,1,2,3,0,0,3,2,3,1,2,3,2,2,3,3
30/12/12,3,11:24,3,2,6,3,0,0,3,1,2,0,3,2,3,5,3,3
30/12/12,4,12:03,3,1,4,3,0,0,3,1,3,0,3,3,3,4,2,3
30/12/12,5,14:28,3,2,3,2,1,0,2,1,2,1,4,3,2,4,4,3
30/12/12,7,16:47,4,1,2,4,0,0,3,2,3,0,3,3,2,2,2,4
30/12/12,9,20:09,4,1,2,4,0,0,3,1,3,0,2,3,2,2,2,4
30/12/12,10,21:42,3,1,3,3,1,0,3,2,3,1,3,3,3,3,3,3
31/12/12,1,8:58,3,3,2,2,1,0,2,2,2,1,3,2,3,3,4,3
31/12/12,2,10:28,4,1,2,4,0,0,3,1,4,0,2,4,2,2,2,4
31/12/12,3,10:56,5,0,1,5,0,0,4,1,5,0,1,4,2,1,1,5
31/12/12,4,13:03,4,1,2,4,0,0,3,1,4,0,3,2,2,2,2,4
31/12/12,6,15:13,4,1,3,3,0,0,4,1,3,0,2,3,3,3,2,4
31/12/12,7,17:58,4,1,2,4,0,0,4,1,4,0,2,4,2,2,1,4
31/12/12,8,19:25,4,1,2,3,1,0,3,2,3,1,2,3,3,2,2,4
1/1/13,3,11:50,4,2,2,3,1,0,3,2,3,0,3,3,2,3,4,4
1/1/13,4,12:35,4,1,1,4,1,0,5,2,3,1,3,3,2,1,3,5
1/1/13,9,19:45,4,2,2,4,1,0,3,2,3,0,3,2,2,2,3,4
1/1/13,10,21:50,4,1,2,3,0,0,3,1,3,0,3,3,2,2,2,3
2/1/13,2,10:16,5,1,3,4,0,0,3,1,4,0,3,4,2,2,1,4
2/1/13,4,12:32,4,1,2,3,0,0,3,1,3,0,3,3,2,2,2,4
2/1/13,6,16:08,3,0,3,4,0,0,4,1,3,0,2,4,2,2,1,4
2/1/13,8,18:10,3,0,5,3,0,0,3,1,3,0,1,4,4,3,1,4
3/1/13,1,8:56,5,0,1,5,0,0,4,1,5,0,2,4,1,1,1,5
3/1/13,2,9:20,4,0,2,4,0,0,4,1,4,0,2,4,1,2,1,5
3/1/13,4,12:38,4,0,2,4,0,0,4,2,3,0,3,4,2,2,2,5
3/1/13,6,16:04,4,0,2,5,0,0,4,1,4,0,1,5,2,2,1,5
3/1/13,7,17:04,4,0,2,5,0,0,4,1,4,0,1,4,1,2,1,5
3/1/13,8,18:36,4,0,2,4,0,0,4,1,4,0,2,5,2,2,1,5
3/1/13,10,21:12,4,0,3,5,0,0,4,1,4,0,1,5,1,2,1,5
4/1/13,2,9:54,4,1,2,4,0,0,3,2,3,0,3,3,2,2,2,4
4/1/13,3,11:12,3,0,5,2,0,0,2,2,4,0,2,3,3,3,1,4
4/1/13,5,14:43,3,1,3,3,0,0,3,1,3,0,3,3,3,3,2,4
4/1/13,6,16:15,4,0,3,3,0,0,3,1,3,0,2,3,3,4,1,4
5/1/13,5,14:52,4,0,2,5,0,0,4,1,5,0,1,5,3,2,1,5
5/1/13,9,20:42,5,-1,1,6,-1,-1,6,1,6,-1,1,5,1,1,1,5
5/1/13,10,21:30,5,-1,1,6,-1,-1,6,1,5,-1,1,5,1,1,1,5
6/1/13,2,9:20,5,0,1,5,0,0,4,1,5,0,1,4,1,1,1,4
6/1/13,3,11:24,4,0,3,4,0,0,3,1,5,0,2,5,2,2,1,5
6/1/13,9,20:09,4,0,2,4,0,0,4,1,4,0,2,4,2,3,1,5
6/1/13,10,21:42,3,0,3,3,0,0,3,1,4,0,2,3,3,3,1,3
7/1/13,1,8:58,4,1,1,2,0,0,3,1,3,0,3,3,2,2,3,4
7/1/13,2,10:28,3,1,4,3,0,0,3,2,4,0,3,4,3,3,2,4
7/1/13,5,13:49,5,0,1,5,0,0,4,1,5,0,1,5,1,2,1,5
7/1/13,6,15:13,4,0,3,4,0,0,4,1,4,0,2,4,2,2,1,5
7/1/13,7,17:58,4,0,3,4,0,0,4,1,4,0,2,3,3,3,1,4
7/1/13,8,19:25,5,0,1,5,0,0,5,1,5,0,2,4,2,1,1,5
7/1/13,10,21:20,4,0,4,5,0,0,4,2,5,0,1,4,2,3,1,5
8/1/13,1,8:10,5,0,2,5,0,0,4,1,5,0,1,5,1,2,1,5
8/1/13,2,9:07,4,0,3,5,0,0,4,1,4,0,2,4,3,2,1,5
8/1/13,3,11:50,5,-1,1,6,-1,-1,6,1,6,-1,1,6,2,1,1,5
8/1/13,6,15:04,4,0,2,4,0,0,4,2,4,0,3,4,2,2,1,5
8/1/13,7,17:32,4,0,3,5,0,0,5,1,5,0,2,5,3,2,1,5
8/1/13,10,21:50,4,0,3,5,0,0,5,1,5,0,1,5,2,2,1,4
9/1/13,2,10:16,4,0,3,5,0,0,4,2,4,0,3,4,2,3,1,4
9/1/13,3,11:08,4,0,4,3,0,0,3,1,4,0,3,4,3,3,1,4
9/1/13,4,12:32,3,1,5,3,0,0,3,2,3,1,3,3,4,5,2,4
9/1/13,5,14:34,4,1,2,3,0,0,4,2,4,0,4,4,3,2,2,5
9/1/13,7,17:18,4,-1,2,6,-1,-1,4,1,5,-1,2,5,3,2,1,4
9/1/13,8,18:10,4,0,2,4,0,0,4,1,4,0,2,3,2,2,1,4
9/1/13,9,20:22,4,0,5,5,0,0,5,1,3,0,2,4,4,4,1,4
9/1/13,10,21:20,4,0,1,5,0,0,4,1,5,0,1,4,2,1,1,4
10/1/13,1,8:56,4,0,2,5,0,0,4,1,5,0,2,5,1,2,1,5
10/1/13,3,11:02,4,0,2,4,0,0,3,1,4,0,2,3,2,2,1,4
10/1/13,4,12:38,5,0,2,5,0,0,5,1,5,0,2,4,2,2,1,5
10/1/13,6,16:04,4,0,2,5,0,0,4,1,5,0,2,4,2,1,1,5
10/1/13,7,17:04,4,0,2,5,0,0,4,1,5,0,3,4,2,2,1,4
10/1/13,8,18:36,5,0,1,5,0,0,5,1,5,0,1,6,1,1,1,5
10/1/13,9,19:56,3,0,4,3,0,0,3,1,3,0,3,3,3,3,1,4
10/1/13,10,21:12,4,0,5,4,0,0,4,2,4,0,2,4,3,3,1,5
11/1/13,1,8:44,5,0,2,5,0,0,5,1,5,0,1,5,1,1,1,5
11/1/13,2,9:54,3,0,3,3,0,0,3,1,3,0,3,3,3,3,1,4
11/1/13,5,14:43,5,0,2,5,0,0,5,1,5,0,3,4,3,2,2,5
11/1/13,6,16:15,3,0,5,4,0,0,4,1,3,0,1,3,4,4,1,4
11/1/13,7,17:16,4,0,3,4,0,0,3,2,3,0,1,4,4,3,2,4
11/1/13,10,21:20,5,0,1,5,0,0,5,1,5,0,1,5,2,1,1,5
12/1/13,2,9:04,3,3,3,2,2,0,2,3,1,1,3,2,4,3,5,4
12/1/13,4,12:30,4,0,2,4,0,0,3,1,4,0,2,4,2,2,2,5
12/1/13,5,14:52,4,1,2,4,0,0,3,2,4,0,3,4,3,2,2,5
12/1/13,6,15:08,3,1,2,3,0,0,4,2,3,0,3,3,3,3,2,4
12/1/13,8,18:46,4,0,2,4,0,0,4,1,4,0,2,4,2,2,1,5
12/1/13,9,20:42,5,0,2,5,0,0,5,1,5,0,1,5,1,1,1,5
13/01/13,2,9:20,3,2,2,2,1,0,3,2,3,1,4,3,2,3,5,3
13/01/13,3,11:24,5,1,1,5,0,0,5,1,5,0,2,5,2,1,1,5
13/01/13,5,14:28,3,0,5,3,0,0,3,2,4,0,2,4,3,4,1,3
13/01/13,8,18:39,2,1,6,2,0,0,2,2,3,0,2,3,4,5,2,4
13/01/13,9,20:09,3,1,6,2,0,0,2,1,3,1,2,2,5,5,2,4
13/01/13,10,21:42,4,0,2,4,0,0,4,1,4,0,2,4,2,2,2,4
14/01/13,1,8:58,3,1,4,3,0,0,3,2,4,0,2,3,3,4,2,4
14/01/13,2,10:28,4,0,1,4,0,0,3,2,4,0,2,4,2,2,2,4
14/01/13,3,10:56,4,0,2,5,0,0,5,2,5,0,1,4,2,1,1,5
14/01/13,5,13:49,4,1,2,4,0,0,4,1,4,1,2,4,2,2,2,4
14/01/13,6,15:13,5,0,1,5,0,0,4,1,5,0,1,5,1,1,1,5
14/01/13,7,17:58,5,0,1,5,0,0,5,1,5,0,1,5,1,1,1,5
14/01/13,8,19:25,5,0,2,5,0,0,4,1,5,0,2,4,1,2,1,5
14/01/13,9,19:41,5,0,3,4,0,0,4,2,4,0,2,4,2,2,1,5
15/01/13,2,9:07,4,0,2,5,0,0,4,1,5,0,3,4,2,2,1,4
15/01/13,3,11:50,4,0,3,5,0,0,4,2,5,0,3,4,2,2,1,5
15/01/13,4,12:35,4,0,2,4,0,0,4,2,4,0,3,4,3,3,1,5
15/01/13,5,14:16,4,0,2,3,0,0,4,2,4,0,3,4,3,3,1,4
16/01/13,1,7:32,4,0,2,5,0,0,4,1,4,0,2,4,1,1,1,3
16/01/13,2,10:16,5,1,1,5,0,0,4,1,5,1,2,4,2,2,2,5
16/01/13,3,11:08,3,1,4,3,0,0,3,3,3,0,3,3,4,5,3,4
16/01/13,4,12:32,4,0,3,3,0,0,3,2,4,0,2,4,4,4,2,4
16/01/13,7,17:18,3,0,2,4,0,0,3,1,4,0,2,3,3,3,2,4
16/01/13,8,18:10,5,0,1,5,0,0,5,1,5,0,2,4,2,2,1,5
16/01/13,10,21:20,4,0,2,5,0,0,3,1,5,0,2,4,2,2,1,5
17/01/13,1,8:56,4,0,1,4,0,0,4,4,4,0,2,4,2,2,1,5
17/01/13,3,11:02,4,0,4,4,0,0,3,2,4,0,2,4,3,3,1,4
17/01/13,4,12:38,3,0,5,4,0,0,3,2,4,0,1,3,3,3,1,5
17/01/13,5,14:22,5,-1,2,5,0,0,5,1,5,0,2,5,2,2,1,5
17/01/13,7,17:04,4,0,3,5,0,0,4,1,5,0,3,4,3,2,1,4
17/01/13,9,19:56,4,0,3,5,0,0,4,1,4,0,2,4,3,2,1,5
18/01/13,1,8:44,4,1,3,3,0,0,3,2,4,0,3,4,3,3,1,4
18/01/13,2,9:54,4,0,4,4,0,0,4,2,4,0,2,4,3,3,1,5
18/01/13,3,11:12,3,0,5,3,0,0,3,2,3,0,2,3,4,4,1,4
18/01/13,4,12:04,2,1,6,2,0,0,2,2,2,1,2,3,5,6,2,4
18/01/13,5,14:43,3,1,5,3,0,0,3,2,3,0,2,3,5,5,2,4
18/01/13,6,16:15,3,1,5,3,1,0,3,2,3,1,2,3,5,5,2,4
18/01/13,7,17:16,2,3,6,1,2,0,1,5,2,2,2,3,5,5,6,3
18/01/13,8,18:11,4,0,2,4,0,0,4,2,4,0,2,4,2,3,2,5
18/01/13,9,20:38,4,2,2,3,1,0,3,2,3,1,3,3,3,3,4,4
19/01/13,1,7:57,4,2,1,3,1,0,3,3,2,1,3,3,2,4,5,3
19/01/13,2,9:04,4,1,2,4,1,0,3,2,4,1,3,4,2,2,3,4
19/01/13,5,14:52,4,0,3,4,0,0,4,2,4,0,2,4,3,3,1,4
19/01/13,7,16:38,5,0,1,5,0,0,5,1,5,0,1,5,2,2,1,5
19/01/13,8,18:46,5,0,1,5,0,0,5,1,5,0,1,5,1,1,1,5
19/01/13,10,21:30,5,0,2,5,0,0,5,1,5,0,1,5,2,2,1,5
20/01/13,1,8:20,5,0,1,4,0,0,4,1,5,0,3,4,1,1,1,3
20/01/13,2,9:20,5,1,2,4,0,0,4,2,4,0,3,4,2,2,2,4
20/01/13,6,15:51,3,0,5,3,0,0,3,2,4,0,1,4,3,3,1,4
20/01/13,8,18:39,4,0,5,4,0,0,3,2,4,0,1,4,3,3,1,4
20/01/13,9,20:09,4,0,2,3,0,0,3,1,3,0,2,4,4,3,1,4
21/01/13,1,8:58,4,1,2,4,0,0,4,1,4,0,2,4,2,2,1,4
21/01/13,3,10:56,3,1,5,3,0,0,3,2,3,1,2,3,3,3,2,3
21/01/13,4,13:03,3,1,4,3,0,0,3,2,3,1,3,3,4,4,2,4
21/01/13,6,15:13,5,0,1,5,0,0,4,1,5,0,2,4,2,2,1,5
21/01/13,8,19:25,4,0,1,5,0,0,5,1,5,0,1,5,1,1,1,5
21/01/13,10,21:20,5,0,1,5,0,0,4,1,5,0,1,5,1,1,1,5
22/01/13,1,8:10,4,2,1,3,1,0,3,3,3,1,3,3,1,3,4,3
22/01/13,2,9:07,4,1,2,4,0,0,4,2,4,0,3,4,3,2,2,5
22/01/13,3,11:50,4,0,4,4,0,0,3,2,4,0,2,4,3,3,1,4
22/01/13,4,12:35,4,0,2,4,0,0,5,1,4,0,2,4,2,3,1,5
22/01/13,6,15:04,4,0,2,5,0,0,4,1,4,0,2,4,3,2,1,5
22/01/13,7,17:32,5,0,1,5,0,0,4,1,5,0,2,5,2,2,1,5
22/01/13,9,19:45,4,0,3,5,0,0,4,1,5,0,1,5,3,3,1,5
23/01/13,2,10:16,4,0,2,4,0,0,4,1,4,0,3,4,2,3,1,5
23/01/13,3,11:08,5,0,2,5,0,0,4,2,4,0,3,5,3,2,1,4
23/01/13,5,14:34,4,0,2,5,0,0,4,2,5,0,3,4,3,2,1,5
23/01/13,6,16:08,4,0,4,3,0,0,3,3,4,0,3,4,3,4,1,5
23/01/13,8,18:10,4,1,3,3,0,0,3,2,4,0,3,3,3,3,1,3
24/01/13,1,8:56,4,1,2,4,0,0,4,2,4,0,3,3,3,2,1,4
24/01/13,3,11:02,4,0,5,5,0,0,4,2,4,0,1,4,3,4,1,5
24/01/13,4,12:38,4,0,3,4,0,0,3,2,4,0,2,4,3,3,1,4
24/01/13,5,14:22,3,0,4,3,0,0,3,2,4,1,3,4,3,4,1,4
24/01/13,7,17:04,4,0,3,4,0,0,3,2,4,0,1,4,3,3,1,5
24/01/13,8,18:36,4,0,2,4,0,0,4,1,4,0,2,4,2,3,1,5
24/01/13,9,19:56,5,0,1,5,0,0,4,1,5,0,2,5,2,2,1,5
25/01/13,1,8:44,4,1,3,3,0,0,3,2,3,0,3,3,3,3,1,4
25/01/13,2,9:54,3,1,5,3,0,0,3,2,4,0,3,3,4,4,1,4
25/01/13,3,11:12,4,1,3,3,0,0,3,2,4,1,2,4,3,3,1,4
25/01/13,5,14:43,4,1,2,3,1,0,3,1,3,0,3,3,2,2,2,4
25/01/13,8,18:11,4,1,2,5,0,0,4,2,3,0,3,4,3,3,2,4
26/01/13,1,7:57,4,0,1,3,0,0,3,2,3,0,3,3,1,2,1,2
26/01/13,2,9:04,3,3,2,2,1,0,2,3,2,1,3,2,3,3,5,4
26/01/13,4,12:30,3,3,2,2,2,0,2,3,2,1,3,2,3,3,5,4
26/01/13,7,16:38,4,1,2,4,1,0,3,3,3,1,2,4,2,2,2,5
26/01/13,8,18:46,4,0,2,5,0,0,4,2,4,0,1,4,2,2,1,5
26/01/13,10,21:30,5,0,2,5,0,0,4,1,5,0,1,4,1,1,1,5
27/01/13,1,8:20,3,2,2,3,1,0,2,3,2,1,3,3,3,2,5,3
27/01/13,2,9:20,3,2,3,3,1,0,2,3,3,1,3,3,2,3,4,3
27/01/13,3,11:24,4,2,2,2,1,0,2,3,2,1,3,3,2,3,5,4
27/01/13,5,14:28,4,0,2,4,0,0,4,2,4,1,3,4,2,2,2,5
27/01/13,6,15:51,4,0,2,5,0,0,3,2,4,0,3,3,2,2,1,5
27/01/13,8,18:39,4,0,2,4,0,0,4,1,3,0,3,4,2,2,1,4
27/01/13,9,20:09,4,0,2,5,0,0,4,1,5,0,2,5,2,1,1,5
28/01/13,1,8:58,3,3,2,2,1,0,2,4,3,2,3,3,4,3,6,4
28/01/13,2,10:28,4,0,4,4,0,0,3,1,4,0,1,4,2,3,1,5
28/01/13,4,13:03,4,0,2,3,0,0,3,2,4,0,3,3,3,2,1,4
28/01/13,6,15:13,3,0,5,4,0,0,4,2,4,0,2,4,4,3,1,5
28/01/13,7,17:58,5,0,1,5,0,0,5,1,5,0,1,5,1,1,1,5
28/01/13,9,19:41,4,0,5,4,0,0,4,1,5,0,1,5,2,3,1,5
28/01/13,10,21:20,5,0,4,5,0,0,4,1,5,0,1,5,1,1,1,5
29/01/13,1,8:10,5,-1,1,5,-1,-1,5,1,5,-1,1,5,1,1,1,5
29/01/13,3,11:50,4,-1,2,5,-1,-1,5,1,5,-1,1,5,1,2,1,5
29/01/13,4,12:35,4,0,2,5,0,0,4,1,5,0,1,5,2,3,1,5
29/01/13,5,14:16,4,0,4,5,0,0,5,1,5,0,1,5,3,3,1,5
29/01/13,6,15:04,5,0,5,4,0,0,5,1,5,0,1,5,3,3,1,5
29/01/13,7,17:32,4,0,2,5,0,0,5,1,5,0,2,4,2,2,1,4
29/01/13,8,18:05,4,0,3,4,0,0,4,1,5,0,1,4,3,3,1,5
30/01/13,1,7:32,4,0,1,5,0,0,4,1,4,0,1,4,1,2,1,4
30/01/13,2,10:16,4,0,2,4,0,0,4,1,5,0,1,5,2,2,1,5
30/01/13,6,16:08,4,0,3,5,0,0,5,1,5,0,1,5,2,3,1,5
30/01/13,9,20:22,4,0,4,3,0,0,3,2,4,0,1,3,2,3,1,4
30/01/13,10,21:20,2,0,5,3,0,0,3,2,3,0,3,3,3,3,1,3
31/01/13,1,8:56,4,1,3,4,0,0,3,1,4,0,3,4,2,3,2,5
31/01/13,4,12:38,4,0,4,5,0,0,5,1,4,0,1,5,3,3,1,5
31/01/13,5,14:22,5,0,1,6,0,0,5,1,5,0,1,6,1,1,1,5
31/01/13,6,16:04,4,0,2,5,0,0,4,1,5,0,1,5,2,2,1,5
31/01/13,9,19:56,5,0,1,6,-1,-1,5,1,5,-1,1,5,1,1,1,5
1/2/13,1,8:44,5,0,3,5,0,0,6,1,5,0,1,5,2,2,1,6
1/2/13,2,9:54,4,0,3,5,0,0,5,2,5,0,1,5,2,3,1,5
1/2/13,4,12:04,4,0,3,3,0,0,3,1,4,0,1,4,3,3,2,5
1/2/13,6,16:15,3,0,4,5,0,0,4,2,4,0,1,4,3,4,1,5
1/2/13,8,18:11,4,1,4,4,0,0,3,2,4,1,1,5,4,4,2,4
1/2/13,10,21:20,4,1,3,4,0,0,4,2,4,0,2,4,2,3,2,4
2/2/13,1,7:57,4,1,2,3,0,-1,3,2,4,0,2,4,2,3,2,3
2/2/13,2,9:04,3,2,4,3,1,0,3,3,2,1,3,3,3,4,4,3
2/2/13,3,11:36,4,1,3,3,0,0,3,2,4,0,3,4,3,3,2,4
2/2/13,6,15:08,3,1,5,3,1,0,3,2,4,0,3,3,3,4,2,4
2/2/13,7,16:38,3,3,3,2,2,0,3,3,3,1,3,3,4,4,5,4
2/2/13,8,18:46,4,0,2,5,0,0,5,1,5,0,1,5,2,2,1,5
3/2/13,3,11:24,4,1,1,4,0,0,4,1,4,0,2,4,2,2,2,4
3/2/13,8,18:39,4,1,2,4,0,0,4,1,3,0,2,4,2,2,2,4
4/2/13,1,8:58,3,1,4,3,1,0,3,2,3,1,3,3,3,3,2,4
4/2/13,2,10:28,2,1,6,2,0,0,3,3,3,1,3,3,4,5,2,3
4/2/13,4,13:03,3,2,3,2,1,0,3,3,3,1,3,3,3,3,4,3
4/2/13,5,13:49,4,2,3,2,1,0,3,3,2,1,3,2,3,4,3,4
4/2/13,7,17:58,4,0,2,4,0,0,3,1,3,0,3,3,2,3,1,4
4/2/13,8,19:25,4,0,2,4,0,0,3,1,4,0,2,3,2,2,1,4
5/2/13,1,8:10,5,0,2,5,0,0,5,1,4,0,2,5,2,1,1,5
5/2/13,5,14:16,5,-1,1,5,-1,-1,5,1,5,-1,1,5,2,1,1,5
5/2/13,7,17:32,5,-1,2,5,-1,-1,5,1,5,-1,1,5,2,1,1,5
5/2/13,8,18:05,5,-1,1,5,-1,-1,5,1,5,-1,1,5,2,1,1,5
6/2/13,1,7:32,5,0,1,5,0,0,4,1,5,0,1,4,1,1,1,3
6/2/13,2,10:16,3,1,3,3,0,0,3,2,3,0,3,3,3,3,2,4
6/2/13,5,14:34,4,1,3,3,0,0,3,1,3,0,3,3,2,2,2,4
6/2/13,6,16:08,4,0,2,5,0,0,3,2,4,0,2,3,2,3,1,5
6/2/13,8,18:10,5,0,2,5,0,0,5,1,5,0,1,4,2,1,1,5
6/2/13,10,21:20,4,0,2,4,0,0,4,1,4,0,1,4,2,2,1,5
7/2/13,1,8:56,5,0,2,5,0,0,4,1,5,0,2,4,2,2,1,5
7/2/13,3,11:02,4,0,2,5,0,0,4,1,5,0,1,4,2,2,1,5
7/2/13,4,12:38,5,0,1,5,0,0,5,1,5,0,1,5,1,1,1,5
8/2/13,1,8:44,4,3,1,1,1,0,2,3,2,1,3,2,2,2,5,4
8/2/13,2,9:54,4,2,3,3,1,0,3,3,3,1,3,3,2,2,4,4
8/2/13,3,11:12,4,1,2,4,0,0,3,2,4,0,3,3,2,2,2,4
8/2/13,5,14:43,4,1,2,3,0,0,3,2,3,0,2,3,3,3,3,4
9/2/13,3,11:36,5,0,2,5,0,0,4,1,5,0,1,5,2,2,2,5
9/2/13,9,20:42,5,0,1,5,-1,0,4,1,5,0,1,4,1,1,1,5
10/2/13,1,8:20,5,0,2,5,0,0,4,1,5,0,1,5,1,1,1,5
10/2/13,6,15:51,5,0,1,6,0,0,5,1,5,0,1,5,1,1,1,5
10/2/13,7,16:47,5,-1,1,6,0,0,5,1,5,0,1,5,1,1,1,5
10/2/13,8,18:39,4,0,3,5,0,0,5,2,5,0,1,5,2,2,1,5
10/2/13,9,20:09,4,0,3,4,0,0,3,2,4,0,1,4,2,2,1,5
11/2/13,1,8:58,5,-1,1,5,0,0,5,1,5,0,1,5,2,2,1,5
11/2/13,5,13:49,5,0,1,6,0,0,5,1,5,0,1,5,1,1,1,5
11/2/13,6,15:13,5,0,1,5,0,0,4,1,5,0,1,4,1,1,1,4
11/2/13,7,17:58,5,0,2,5,0,0,4,1,5,0,1,5,1,1,1,5
11/2/13,9,19:41,4,0,5,4,0,0,4,2,4,0,1,4,4,4,1,5
11/2/13,10,21:20,4,0,2,4,0,0,4,1,4,0,2,4,2,2,1,3
12/2/13,1,8:10,4,1,2,4,0,0,3,2,3,0,2,3,2,3,2,4
12/2/13,2,9:07,4,1,1,3,0,0,4,1,3,0,2,4,1,2,2,4
12/2/13,3,11:50,4,0,3,5,0,0,4,2,4,0,1,4,2,2,1,5
12/2/13,4,12:35,4,0,4,5,0,0,4,1,4,0,1,4,2,3,1,5
12/2/13,5,14:16,4,0,4,5,0,0,4,1,4,0,1,4,2,2,1,4
12/2/13,6,15:04,4,0,4,3,0,0,3,1,4,0,2,3,2,2,1,3
12/2/13,8,18:05,4,0,2,5,0,0,4,1,5,0,1,5,2,2,1,4
13/02/13,1,7:32,5,0,1,5,0,0,4,1,4,0,1,5,1,1,1,4
13/02/13,3,11:08,4,0,2,5,0,0,4,1,5,0,1,5,2,2,1,5
13/02/13,4,12:32,5,-1,1,6,-1,-1,5,1,5,-1,2,5,2,1,1,5
13/02/13,8,18:10,5,0,3,5,0,0,4,1,5,0,1,5,2,2,1,5
13/02/13,10,21:20,5,0,2,5,0,0,5,1,5,0,1,5,1,1,1,5
14/02/13,1,8:56,4,2,2,3,1,0,3,3,3,1,2,4,2,2,5,4
14/02/13,2,9:20,4,0,2,4,0,0,4,2,4,0,2,3,2,2,2,5
14/02/13,3,11:02,5,0,2,5,0,0,4,2,4,0,2,4,2,2,2,5
14/02/13,4,12:38,3,0,4,5,0,0,5,2,5,0,1,4,2,3,1,5
14/02/13,5,14:22,3,0,4,6,0,0,4,1,5,0,1,5,3,3,1,5
14/02/13,6,16:04,4,0,3,4,0,0,4,1,4,0,2,4,3,3,2,4
14/02/13,7,17:04,5,0,2,5,0,0,4,1,5,0,1,4,2,2,1,5
14/02/13,8,18:36,4,1,2,4,1,0,3,2,3,1,3,4,2,2,2,3
14/02/13,9,19:56,4,0,2,5,0,0,4,1,3,0,2,3,3,2,1,5
14/02/13,10,21:12,3,0,5,3,0,0,3,1,4,0,2,3,3,3,1,4
15/02/13,1,8:44,4,2,2,3,1,0,3,3,3,1,2,3,3,2,4,4
15/02/13,2,9:54,4,1,2,4,0,0,3,2,4,0,2,4,3,2,2,5
15/02/13,3,11:12,5,0,1,5,0,0,6,1,5,0,1,5,1,1,1,5
15/02/13,4,12:04,4,0,3,3,0,0,4,2,4,0,1,4,3,3,2,4
15/02/13,6,16:15,4,0,3,5,0,0,5,1,4,0,1,4,3,3,1,4
15/02/13,8,18:11,5,-1,1,5,-1,-1,5,1,5,-1,1,5,1,1,1,5
16/02/13,1,7:57,4,2,3,3,1,0,3,3,3,1,2,3,3,3,4,3
16/02/13,2,9:04,4,2,2,3,2,1,3,2,3,0,2,3,2,2,5,5
16/02/13,3,11:36,3,3,3,3,1,0,3,3,3,0,3,3,3,4,5,4
16/02/13,4,12:30,4,1,2,4,0,0,3,1,4,0,2,4,2,2,2,4
16/02/13,5,14:52,4,1,2,3,1,0,2,2,3,1,3,3,2,2,4,5
16/02/13,6,15:08,4,1,2,4,0,0,3,1,3,0,2,4,1,2,2,5
16/02/13,8,18:46,5,0,1,4,0,0,4,1,4,0,2,4,1,1,1,4
16/02/13,9,20:42,4,0,3,5,0,0,5,2,4,0,1,4,2,3,1,5
16/02/13,10,21:30,5,0,2,5,0,0,4,1,5,0,1,4,2,3,1,5
17/02/13,1,8:20,5,1,2,5,0,0,4,2,4,0,2,4,2,2,2,4
17/02/13,2,9:20,5,0,2,5,0,0,4,2,5,0,2,4,2,1,2,5
17/02/13,3,11:24,5,0,1,5,0,0,5,1,5,0,1,5,1,1,1,5
17/02/13,4,12:03,5,0,1,5,0,0,5,1,5,0,1,5,1,1,1,5
17/02/13,5,14:28,4,0,2,5,0,0,4,1,5,0,1,4,1,1,1,5
17/02/13,6,15:51,4,0,4,5,0,0,4,1,4,0,1,4,2,3,1,5
17/02/13,8,18:39,5,-1,1,6,-1,-1,5,1,5,-1,1,5,2,1,1,6
17/02/13,9,20:09,4,0,2,4,0,0,4,1,4,0,2,4,2,2,1,4
18/02/13,2,10:28,4,0,2,4,0,0,3,1,4,0,2,4,2,2,1,5
18/02/13,4,13:03,4,0,3,4,0,0,4,1,4,0,1,5,3,3,2,5
18/02/13,5,13:49,4,0,5,4,0,0,3,1,4,0,2,3,3,4,1,4
18/02/13,6,15:13,5,0,2,5,0,0,5,1,5,0,1,4,2,2,1,5
18/02/13,7,17:58,4,0,4,3,0,0,3,1,3,0,1,4,3,4,1,4
18/02/13,8,19:25,4,0,1,4,0,0,4,1,4,0,1,4,2,1,1,5
18/02/13,9,19:41,5,0,2,5,0,0,4,1,4,0,2,4,1,2,1,5
18/02/13,10,21:20,4,0,2,4,0,0,4,1,4,0,3,4,2,2,1,5
19/02/13,1,8:10,5,0,2,5,0,0,4,1,4,0,2,5,1,2,1,5
19/02/13,3,11:50,4,0,4,5,0,0,5,1,5,0,1,5,2,3,1,5
19/02/13,5,14:16,5,-1,2,5,-1,-1,5,1,5,-1,1,5,2,2,1,5
19/02/13,6,15:04,4,-1,4,5,-1,-1,5,1,5,-1,1,5,2,2,1,5
19/02/13,7,17:32,5,0,2,5,0,0,4,1,5,0,2,5,2,2,1,5
19/02/13,8,18:05,4,0,1,5,0,0,4,1,5,0,1,5,3,2,1,5
19/02/13,9,19:45,5,0,2,5,0,0,5,1,5,0,1,4,2,2,1,5
20/02/13,1,7:32,5,0,1,5,0,0,5,1,5,0,2,5,2,1,1,5
20/02/13,2,10:16,5,0,1,5,0,0,5,1,5,0,1,5,1,1,1,5
20/02/13,3,11:08,5,0,2,5,0,0,5,1,5,0,1,5,2,1,1,5
20/02/13,4,12:32,4,0,2,5,0,0,4,1,5,0,2,5,3,3,1,5
20/02/13,9,20:22,5,0,3,4,0,0,4,1,5,0,2,5,2,2,1,5
20/02/13,10,21:20,5,0,2,6,0,0,5,1,5,0,1,5,1,2,1,5
21/02/13,4,12:38,5,0,1,5,0,0,4,1,5,0,2,5,3,1,1,5
21/02/13,5,14:22,5,0,2,5,0,0,5,1,5,0,1,5,2,2,1,5
22/02/13,1,8:44,4,0,2,4,0,0,4,1,4,0,2,4,2,2,1,4
22/02/13,3,11:12,3,0,4,3,0,0,3,2,4,0,2,4,3,3,1,4
22/02/13,5,14:43,4,0,2,5,0,0,4,1,4,0,2,4,4,2,1,5
22/02/13,6,16:15,5,-1,1,5,-1,-1,6,1,6,-1,1,5,1,1,1,5
22/02/13,8,18:11,4,0,1,5,0,0,4,1,5,0,1,5,1,1,1,5
22/02/13,9,20:38,5,-1,1,6,-1,-1,5,1,5,-1,1,5,1,1,1,5
22/02/13,10,21:20,5,-1,1,5,-1,-1,5,1,5,-1,1,5,1,1,1,5
23/02/13,1,7:57,4,0,2,3,0,0,3,1,4,0,1,4,1,2,1,4
23/02/13,6,15:08,5,0,1,5,0,0,4,1,5,0,1,5,1,1,1,5
23/02/13,8,18:46,4,0,1,3,0,0,3,2,4,0,2,4,2,1,1,3
23/02/13,9,20:42,3,1,2,3,1,0,3,2,3,0,3,3,2,3,2,3
23/02/13,10,21:30,4,1,1,3,0,0,3,2,3,0,3,3,2,2,2,4
24/02/13,2,9:20,3,3,1,1,2,0,1,3,2,1,3,2,2,2,5,3
24/02/13,3,11:24,4,2,1,3,1,0,3,2,3,1,3,4,2,2,3,3
24/02/13,4,12:03,4,1,2,3,1,0,3,2,3,1,4,2,2,2,3,3
24/02/13,5,14:28,4,0,1,5,0,0,4,1,4,0,2,4,1,2,1,5
24/02/13,6,15:51,4,0,2,5,0,0,4,1,4,0,1,5,2,2,1,5
24/02/13,7,16:47,5,0,1,4,0,0,4,1,4,0,1,4,2,2,1,5
24/02/13,9,20:09,4,0,2,4,0,0,4,2,3,0,1,3,2,2,2,4
24/02/13,10,21:42,4,1,1,4,0,0,4,1,4,0,2,4,2,2,2,4
25/02/13,1,8:58,4,1,2,3,0,0,3,1,3,0,2,3,2,3,2,3
25/02/13,2,10:28,3,3,2,1,3,0,1,3,2,2,3,2,2,3,6,3
25/02/13,3,10:56,3,2,3,3,0,0,3,1,3,1,2,3,2,3,4,4
25/02/13,4,13:03,4,1,2,5,0,0,4,1,3,1,2,3,3,2,2,4
25/02/13,5,13:49,5,0,2,4,0,0,4,1,4,0,1,4,2,1,1,4
25/02/13,6,15:13,4,0,3,4,0,0,3,1,5,0,2,4,2,2,1,5
25/02/13,8,19:25,5,1,1,4,0,0,4,1,4,0,1,4,1,1,2,5
25/02/13,9,19:41,5,0,2,5,0,0,5,1,5,0,1,5,1,1,1,5
25/02/13,10,21:20,5,0,1,5,0,0,5,1,5,0,1,5,1,1,1,5
26/02/13,2,9:07,4,2,2,3,0,0,3,3,3,0,3,3,2,2,3,3
26/02/13,3,11:50,4,0,1,5,0,0,5,1,5,0,1,4,2,2,1,5
26/02/13,5,14:16,3,1,2,3,1,0,3,1,3,1,3,3,2,2,2,3
26/02/13,6,15:04,7,2,2,3,1,0,3,1,3,1,3,3,2,2,2,4
26/02/13,7,17:32,4,0,2,4,0,0,4,1,4,0,2,4,2,2,1,5
26/02/13,8,18:05,4,1,2,4,0,0,4,1,4,0,1,4,2,2,1,5
26/02/13,9,19:45,4,0,3,4,0,0,4,1,5,0,1,4,2,2,1,5
26/02/13,10,21:50,4,1,4,3,0,0,3,2,3,0,1,3,2,4,1,3
27/02/13,1,7:32,4,0,2,3,0,0,3,1,3,1,2,3,1,2,2,3
27/02/13,2,10:16,4,3,2,3,1,0,3,2,2,2,3,3,3,3,4,4
27/02/13,3,11:08,4,1,2,4,0,0,4,1,4,0,2,4,1,2,2,5
27/02/13,4,12:32,5,1,2,4,0,0,4,1,4,0,1,4,2,2,1,5
27/02/13,6,16:08,5,0,1,4,0,0,4,1,4,0,1,4,1,2,2,5
27/02/13,7,17:18,5,0,2,5,0,0,4,1,5,0,1,5,1,1,1,5
27/02/13,8,18:10,4,0,2,4,0,0,4,1,4,0,2,5,2,2,1,5
27/02/13,9,20:22,5,0,1,5,0,0,5,1,5,0,1,5,2,2,1,5
27/02/13,10,21:20,4,0,1,4,0,0,4,1,4,0,2,4,2,2,1,4
28/02/13,1,8:56,3,2,2,3,1,0,3,3,3,1,3,3,2,2,3,3
28/02/13,2,9:20,3,2,5,3,1,0,3,3,3,1,3,3,4,3,5,4
28/02/13,3,11:02,4,0,3,4,0,0,3,2,4,0,1,4,3,3,2,5
28/02/13,4,12:38,5,0,3,4,0,0,5,1,5,0,1,5,1,3,2,5
28/02/13,5,14:22,4,0,2,4,0,0,3,1,4,0,3,4,2,2,1,5
28/02/13,6,16:04,5,0,2,4,0,0,4,1,4,0,2,4,1,2,1,5
28/02/13,7,17:04,4,0,4,5,0,0,3,2,3,0,3,3,3,3,2,4
28/02/13,8,18:36,4,0,2,4,0,0,3,1,4,0,2,4,2,2,1,4
28/02/13,9,19:56,4,2,5,3,1,0,3,3,3,0,3,3,4,4,4,4
28/02/13,10,21:12,4,1,2,4,0,0,4,1,4,0,2,4,2,2,2,5
1/3/13,3,11:12,5,0,1,5,0,0,5,1,5,0,1,5,1,1,1,5
1/3/13,5,14:43,5,0,1,5,0,0,5,1,5,0,1,5,1,1,1,5
1/3/13,6,16:15,6,-1,1,6,-1,-1,6,1,6,-1,1,6,1,1,1,5
1/3/13,7,17:16,5,0,1,5,0,0,5,1,5,0,1,5,1,1,1,5
1/3/13,8,18:11,5,0,2,5,0,0,4,1,5,0,1,5,1,1,1,5
1/3/13,9,20:38,5,0,2,5,0,0,4,1,5,0,1,5,1,1,2,5
1/3/13,10,21:20,5,0,1,5,0,0,4,1,5,0,1,5,2,1,1,5
2/3/13,1,7:57,4,0,2,4,0,0,3,1,3,0,1,4,2,3,1,4
2/3/13,2,9:04,4,1,3,4,0,0,4,1,4,0,1,4,2,2,2,5
2/3/13,3,11:36,3,0,3,4,0,0,4,2,3,0,2,4,2,3,2,5
2/3/13,5,14:52,4,0,3,3,0,0,3,1,4,0,2,4,2,2,1,3
2/3/13,7,16:38,5,0,1,5,0,0,4,1,4,0,1,5,2,1,1,5
2/3/13,8,18:46,5,0,2,4,0,0,4,2,4,0,1,5,2,2,1,5
2/3/13,9,20:42,5,0,2,5,0,0,4,2,4,0,2,4,1,2,1,5
2/3/13,10,21:30,5,0,1,5,0,0,5,1,5,0,1,5,1,1,1,5
3/3/13,1,8:20,5,0,1,5,0,0,5,1,5,0,1,5,1,1,1,4
3/3/13,2,9:20,5,0,2,5,0,0,5,1,5,0,1,5,1,1,1,5
3/3/13,5,14:28,5,0,2,5,0,0,5,1,5,0,1,5,2,2,1,5
3/3/13,6,15:51,4,0,2,5,0,0,4,1,4,0,2,5,2,2,1,4
3/3/13,7,16:47,5,0,2,5,0,0,4,1,5,-2,3,5,3,2,1,4
3/3/13,9,20:09,5,0,3,4,0,0,4,1,4,0,1,5,3,2,1,5
4/3/13,1,8:58,4,0,2,5,0,0,4,1,5,0,1,5,2,2,1,5
4/3/13,2,10:28,4,0,3,5,0,0,4,2,5,0,1,5,2,2,1,5
4/3/13,6,15:13,5,0,3,5,0,0,4,1,5,0,1,5,2,3,1,5
4/3/13,7,17:58,4,0,3,4,0,0,3,1,4,0,1,4,3,3,1,5
4/3/13,8,19:25,5,0,2,5,0,0,4,1,5,0,1,5,2,2,1,5
4/3/13,10,21:20,5,1,2,4,0,0,4,1,4,0,2,4,2,1,1,4
5/3/13,1,8:10,5,0,1,5,0,0,4,1,5,0,1,5,1,2,1,5
5/3/13,2,9:07,4,0,3,4,0,0,4,2,4,0,2,5,3,2,1,5
5/3/13,3,11:50,4,0,2,5,0,0,5,2,5,0,1,5,2,2,1,5
5/3/13,6,15:04,5,-1,1,6,0,0,5,2,5,0,1,5,2,2,1,5
5/3/13,7,17:32,4,0,2,5,0,0,6,1,5,0,1,5,2,2,1,5
5/3/13,8,18:05,4,0,3,5,0,0,5,2,5,0,1,5,3,3,1,5
6/3/13,2,10:16,4,1,2,3,0,0,3,1,4,0,2,3,2,3,1,4
6/3/13,3,11:08,4,0,4,3,0,0,3,2,4,0,3,3,2,3,1,5
6/3/13,5,14:34,3,0,3,3,0,0,3,2,4,0,2,3,3,2,1,5
6/3/13,6,16:08,4,0,3,3,0,0,3,2,4,0,2,3,3,3,1,3
6/3/13,8,18:10,4,0,3,5,0,0,4,2,4,0,2,4,3,3,1,4
7/3/13,1,8:56,4,0,3,3,0,0,3,2,4,0,3,4,3,3,1,4
7/3/13,5,14:22,3,0,3,3,0,0,4,2,3,1,3,4,4,3,1,4
8/3/13,1,8:44,4,0,2,4,0,0,4,2,4,0,2,3,2,2,1,4
8/3/13,3,11:12,4,0,3,5,0,0,4,2,4,0,1,4,2,2,1,5
8/3/13,4,12:04,4,0,3,3,0,0,3,2,4,0,2,4,3,3,1,5
8/3/13,10,21:20,3,1,3,3,0,0,3,2,3,0,2,3,3,3,2,3
9/3/13,2,9:04,3,3,3,2,1,0,2,4,2,1,3,2,3,3,6,4
9/3/13,3,11:36,3,2,2,2,2,0,2,3,2,1,5,3,3,4,4,3
9/3/13,4,12:30,4,1,2,3,1,0,3,2,3,0,3,3,2,2,3,4
9/3/13,5,14:52,3,3,4,2,2,0,3,3,2,1,5,2,3,4,5,3
9/3/13,6,15:08,3,3,5,2,3,0,2,5,2,2,5,2,3,5,6,3
9/3/13,8,18:46,4,1,1,4,0,0,3,1,3,0,2,3,1,1,1,5
9/3/13,10,21:30,4,1,2,3,1,0,3,2,4,0,4,3,4,2,2,4
10/3/13,1,8:20,3,3,2,1,3,0,1,3,1,1,4,2,3,2,6,2
10/3/13,2,9:20,3,2,3,2,1,0,2,3,3,1,3,3,4,4,4,4
10/3/13,3,11:24,3,2,3,4,1,0,3,2,3,1,4,3,3,3,4,4
10/3/13,4,12:03,4,2,2,3,1,0,4,2,3,1,4,3,3,3,4,4
10/3/13,9,20:09,4,0,2,4,0,0,3,1,3,0,3,3,2,2,1,4
11/3/13,1,8:58,4,1,2,4,0,0,4,1,4,0,3,3,2,2,1,4
11/3/13,2,10:28,3,0,6,3,0,0,4,2,3,0,2,4,3,4,1,5
11/3/13,4,13:03,4,0,4,5,0,0,4,1,4,0,1,4,3,3,1,5
11/3/13,5,13:49,4,0,6,4,0,0,5,3,4,0,1,4,3,4,1,5
11/3/13,6,15:13,5,0,2,5,0,0,4,1,5,0,2,4,2,2,1,5
11/3/13,7,17:58,3,0,5,3,0,0,3,2,4,0,3,3,3,4,1,5
11/3/13,8,19:25,4,0,3,5,0,0,4,1,5,0,1,4,2,3,1,5
11/3/13,9,19:41,4,0,2,5,0,0,4,1,5,0,2,5,2,2,1,4
11/3/13,10,21:20,4,0,5,5,0,0,4,2,4,0,1,4,3,3,1,5
12/3/13,1,8:10,5,0,2,5,0,0,4,1,5,0,2,5,1,2,1,5
12/3/13,2,9:07,4,0,3,4,0,0,3,2,4,0,3,4,3,3,1,5
12/3/13,3,11:50,4,0,4,5,0,0,5,1,5,0,1,5,2,2,1,5
12/3/13,7,17:52,5,-1,1,6,-1,-1,5,1,5,-1,1,5,1,1,1,5
12/3/13,8,19:08,4,0,3,4,0,0,3,2,4,0,2,4,2,3,1,4
12/3/13,9,20:56,5,0,1,5,0,0,5,1,5,0,1,5,2,2,1,5
13/03/13,1,7:38,5,0,1,6,0,0,5,1,5,0,1,5,1,2,1,5
13/03/13,2,9:04,5,0,1,4,0,0,4,1,4,0,2,5,1,2,1,5
13/03/13,5,13:31,4,0,5,5,0,0,4,2,4,0,1,5,3,2,1,5
13/03/13,6,16:10,4,0,2,4,0,0,3,2,4,0,1,4,2,2,1,3
13/03/13,7,17:08,4,0,3,3,0,0,3,2,4,0,3,4,3,3,1,4
13/03/13,8,18:32,4,0,2,5,0,0,4,2,5,0,2,4,3,3,1,5
13/03/13,9,20:02,4,0,2,5,0,0,4,1,4,0,1,4,2,2,1,5
13/03/13,10,22:08,4,0,2,4,0,0,3,1,4,0,2,3,2,2,1,4
14/03/13,1,7:30,4,2,2,3,1,0,3,2,3,0,3,3,3,2,3,3
14/03/13,2,10:06,3,1,2,3,1,0,3,2,3,1,3,3,3,2,1,4
14/03/13,3,11:28,4,1,2,4,0,0,4,2,4,0,2,4,2,2,1,5
14/03/13,4,12:43,4,0,3,4,0,0,4,2,4,0,1,4,3,3,1,5
14/03/13,5,14:44,5,0,1,4,0,0,4,1,4,0,2,4,1,2,1,5
14/03/13,9,19:52,5,-1,1,5,-1,-1,5,1,5,-1,1,5,1,1,1,5
14/03/13,10,21:48,5,0,2,5,0,0,4,1,5,0,2,5,2,1,1,5
15/03/13,2,9:55,4,0,3,4,0,0,4,2,4,0,2,4,3,3,1,5
15/03/13,4,12:51,4,0,3,4,0,0,3,1,4,0,2,4,2,2,1,5
15/03/13,7,17:34,4,1,3,3,0,0,3,2,4,1,3,4,2,2,2,4
16/03/13,2,9:59,4,0,2,5,0,0,4,1,4,0,2,5,2,2,1,5
16/03/13,3,11:33,4,1,3,4,0,0,4,2,4,0,3,4,3,2,1,4
16/03/13,7,17:40,4,0,3,5,0,0,5,2,5,0,2,4,3,3,1,5
16/03/13,8,18:04,4,0,3,3,0,0,3,2,4,0,2,3,2,3,1,4
17/03/13,1,8:46,5,0,1,4,0,0,4,2,4,0,2,4,2,2,2,5
17/03/13,2,10:08,4,1,2,4,0,0,3,2,4,1,2,4,2,2,2,4
17/03/13,3,11:56,4,1,2,4,1,0,3,1,4,0,1,4,2,2,2,4
17/03/13,6,15:37,4,0,1,4,0,0,4,1,4,0,3,4,2,2,1,5
17/03/13,7,17:12,4,0,1,4,0,0,4,1,4,0,2,5,2,1,1,5
17/03/13,8,19:29,5,0,1,5,0,0,5,1,5,0,1,5,2,1,1,5
17/03/13,9,20:07,5,0,1,5,0,0,5,1,5,0,1,5,1,1,1,5
17/03/13,10,21:40,5,0,1,5,0,0,5,1,5,0,1,5,1,1,1,5
18/03/13,4,12:42,3,0,3,3,0,0,3,2,4,0,1,4,4,3,1,5
18/03/13,5,14:48,4,1,3,3,0,0,3,2,3,1,2,3,4,3,2,4
18/03/13,6,15:59,1,-3,NA,NA,-3,NA,NA,NA,NA,NA,NA,NA,NA,NA,NA,NA
18/03/13,8,19:28,4,0,4,3,0,0,3,2,4,0,1,4,3,3,1,5
19/03/13,1,8:12,5,0,2,5,0,0,4,1,5,0,2,5,2,2,1,5
19/03/13,3,10:34,5,0,2,4,0,0,4,2,4,1,2,4,2,2,1,5
19/03/13,7,17:52,4,0,2,6,0,0,5,1,4,0,1,4,2,3,1,5
20/03/13,1,7:38,5,0,1,5,0,0,4,1,5,0,2,5,1,1,1,4
20/03/13,3,10:55,4,0,2,5,0,0,4,2,4,0,2,5,3,2,1,4
20/03/13,6,16:10,4,0,2,4,0,0,4,1,4,0,2,4,3,3,1,5
20/03/13,10,22:08,4,0,3,4,0,0,4,1,4,0,1,4,3,3,1,5
21/03/13,1,7:30,4,0,1,4,0,0,4,2,4,0,2,4,2,2,2,5
21/03/13,2,10:06,4,0,2,6,0,0,4,2,4,0,1,5,2,2,1,5
21/03/13,9,19:52,5,0,1,5,0,0,5,1,5,0,1,4,1,1,1,5
21/03/13,10,21:48,3,0,3,4,0,0,3,2,4,0,1,3,3,3,1,4
22/03/13,2,9:55,4,0,1,4,0,0,4,1,4,0,3,4,2,1,1,4
22/03/13,3,11:28,3,1,4,3,1,0,3,2,3,0,2,4,3,4,1,3
22/03/13,4,12:51,4,0,1,4,0,0,4,1,4,0,2,3,2,2,1,4
22/03/13,5,14:17,4,0,2,3,0,0,3,1,4,0,3,3,2,2,1,4
22/03/13,6,16:21,4,0,4,5,0,0,5,1,4,0,2,4,2,3,1,5
22/03/13,8,18:59,5,0,1,5,0,0,4,1,5,0,1,5,1,1,1,5
23/03/13,1,7:48,5,0,1,5,0,0,5,1,5,-1,1,5,2,1,1,5
23/03/13,2,9:59,5,0,2,5,0,0,5,1,5,0,1,5,2,2,1,5
23/03/13,5,13:48,5,0,1,5,0,0,6,2,5,0,1,5,1,1,1,5
23/03/13,7,17:40,4,0,2,5,0,0,4,1,4,0,2,4,2,2,1,4
23/03/13,9,20:14,5,0,1,5,0,0,5,1,5,0,1,4,1,1,1,5
24/03/13,1,8:46,4,0,1,4,0,0,3,1,4,0,3,4,1,2,2,4
24/03/13,3,11:56,4,0,4,3,0,0,3,1,4,0,2,4,3,3,1,5
24/03/13,8,19:29,4,0,3,4,0,0,3,1,4,0,2,4,2,2,1,4
24/03/13,9,20:07,3,0,5,4,0,0,4,1,4,0,1,4,3,3,1,5
24/03/13,10,21:40,3,0,5,3,0,0,3,1,3,0,1,2,3,4,2,4
25/03/13,1,8:41,3,2,2,2,0,0,2,2,2,1,2,3,3,3,4,4
25/03/13,2,9:32,2,3,4,1,2,0,1,2,2,1,3,2,3,4,5,3
25/03/13,3,10:44,4,1,3,5,0,0,5,2,4,1,1,4,3,3,1,5
25/03/13,5,14:48,3,0,5,3,0,0,4,2,3,0,2,3,4,4,1,5
25/03/13,6,15:59,3,0,6,4,0,0,4,2,4,0,2,4,3,5,1,5
25/03/13,7,17:57,4,0,2,5,0,0,4,1,4,0,1,4,2,2,1,5
25/03/13,8,19:28,5,0,2,5,0,0,4,1,5,0,1,5,1,2,1,5
25/03/13,9,20:25,4,0,3,5,0,0,4,2,4,0,1,4,2,3,1,5
25/03/13,10,21:32,4,0,2,5,0,0,4,1,5,0,1,4,2,2,1,4
26/03/13,1,8:12,5,0,1,5,0,0,4,1,5,0,1,5,1,2,1,5
26/03/13,2,9:01,4,0,3,4,0,0,4,2,5,0,2,4,2,3,2,5
26/03/13,3,10:34,5,1,3,4,0,0,4,1,4,0,3,4,1,3,2,4
26/03/13,4,12:14,3,0,5,4,0,0,4,2,4,0,2,4,4,3,1,4
26/03/13,6,15:26,4,0,4,4,0,0,3,2,4,0,1,4,4,5,1,5
27/03/13,1,7:38,5,0,2,5,0,0,4,1,5,0,2,5,1,2,1,5
27/03/13,5,13:31,4,0,3,4,0,0,4,2,4,0,2,4,3,4,1,5
27/03/13,6,16:10,5,0,1,5,0,0,6,1,5,0,1,5,1,1,1,5
27/03/13,8,18:32,5,-1,1,6,-1,-1,6,1,6,-1,1,6,1,1,1,5
28/03/13,2,10:06,5,0,2,5,0,0,5,1,5,-1,1,5,2,2,1,5
28/03/13,3,11:28,4,-1,3,5,0,0,5,2,4,0,1,5,3,3,1,5
28/03/13,5,14:44,5,-1,2,5,-1,0,5,1,5,-1,1,5,3,2,1,5
28/03/13,8,18:07,4,0,4,3,0,0,3,1,4,0,2,4,3,3,1,4
28/03/13,10,21:48,5,0,2,5,0,0,4,1,4,0,1,5,2,2,1,5
29/03/13,1,7:46,5,1,2,4,0,0,4,1,4,0,2,4,2,2,1,5
30/03/13,2,9:59,4,0,2,4,0,0,4,2,3,0,2,3,2,2,2,5
30/03/13,10,21:59,5,0,1,4,0,0,4,1,4,0,1,4,1,1,1,5
31/03/13,3,11:56,5,0,1,4,0,0,4,1,4,0,2,4,1,2,2,5
31/03/13,4,12:28,5,0,2,5,0,0,4,1,4,0,2,4,1,2,1,4
31/03/13,5,13:44,4,0,3,4,0,0,4,1,4,0,1,4,2,2,2,5
31/03/13,6,15:37,4,0,4,4,0,0,4,1,4,0,1,4,2,3,1,5
31/03/13,8,19:29,4,0,1,4,0,0,4,1,4,0,2,5,2,2,1,5
1/4/13,1,8:41,4,0,2,4,0,0,3,1,3,0,2,4,2,2,1,3
1/4/13,2,9:32,4,1,4,4,0,0,3,2,4,0,2,3,3,3,2,5
1/4/13,3,10:44,4,1,3,3,0,1,3,2,3,0,3,3,3,3,2,4
1/4/13,5,14:48,4,2,3,2,0,0,3,2,3,1,3,2,2,3,3,4
1/4/13,8,19:28,5,1,2,3,0,0,3,2,4,0,3,3,2,2,2,4
2/4/13,1,8:12,3,2,3,3,1,0,3,3,2,1,3,3,2,3,5,3
2/4/13,2,9:01,2,3,3,2,1,0,2,4,2,1,3,3,3,2,6,3
2/4/13,3,10:34,3,1,3,3,0,0,3,2,3,0,3,3,3,4,3,4
2/4/13,4,12:14,3,1,3,3,0,0,3,2,3,0,2,3,3,4,2,4
2/4/13,6,15:26,3,1,5,3,0,0,3,2,3,1,2,3,3,4,2,5
2/4/13,7,17:52,4,1,4,4,0,0,3,2,4,0,2,4,3,3,2,4
2/4/13,8,19:08,4,0,3,4,0,0,3,1,4,0,2,4,3,2,2,5
3/4/13,1,7:38,3,3,4,2,1,0,2,4,2,1,4,2,5,3,5,3
3/4/13,2,9:04,7,NA,NA,NA,NA,NA,NA,NA,NA,NA,NA,NA,NA,NA,NA,NA
3/4/13,3,10:55,3,1,5,3,0,0,3,2,3,0,2,3,3,4,2,4
3/4/13,4,12:28,4,1,4,3,0,0,3,2,3,1,3,3,3,4,2,4
3/4/13,7,17:08,4,0,2,4,0,0,3,1,4,0,2,4,1,2,1,5
3/4/13,8,18:32,4,0,3,4,0,0,4,1,3,0,1,4,3,2,1,5
3/4/13,9,20:02,4,1,4,4,0,0,3,2,4,0,2,4,3,3,2,4
3/4/13,10,22:08,4,1,2,3,0,0,3,1,3,0,3,3,4,3,2,4
4/4/13,1,7:30,3,3,5,2,1,0,2,3,2,0,3,2,4,5,5,4
4/4/13,2,10:06,4,1,3,4,0,0,4,2,4,0,2,4,3,4,2,5
4/4/13,7,16:36,3,0,6,4,0,0,3,2,3,0,2,4,4,5,2,5
4/4/13,8,18:07,4,1,4,3,0,0,3,1,3,0,3,3,4,3,1,5
5/4/13,2,9:55,4,1,3,3,0,0,3,2,4,1,3,3,3,3,2,4
5/4/13,4,12:51,4,1,2,4,0,0,3,1,4,0,3,4,2,2,2,5
5/4/13,5,14:17,4,0,2,4,0,0,3,1,3,0,2,3,3,3,2,4
5/4/13,6,16:21,4,0,3,3,0,0,4,1,3,0,2,4,4,3,2,4
5/4/13,7,17:34,4,0,2,5,0,0,4,1,4,0,2,4,2,2,1,5
5/4/13,8,18:59,5,0,1,5,0,0,5,1,5,0,1,5,1,2,1,5
5/4/13,9,19:33,5,0,1,5,0,0,5,1,5,0,1,5,2,2,1,5
6/4/13,1,7:48,5,0,1,5,0,0,4,1,5,0,1,5,1,1,1,5
6/4/13,2,9:59,5,-1,1,5,0,0,4,1,5,0,1,5,2,2,1,5
7/4/13,2,10:08,5,-1,1,6,-1,-1,5,1,5,-1,1,5,1,1,1,5
7/4/13,3,11:56,5,0,3,5,0,0,4,2,5,0,1,5,2,3,1,5
7/4/13,4,12:28,5,0,2,5,0,0,4,1,5,0,1,5,2,2,1,5
7/4/13,9,20:07,5,0,2,5,0,0,4,1,5,0,2,5,2,1,1,5
7/4/13,10,21:40,5,0,3,5,0,0,5,1,1,0,1,5,2,2,1,5
8/4/13,1,8:41,5,0,3,4,0,0,4,1,4,0,2,4,2,3,2,5
8/4/13,2,9:32,4,1,4,4,0,0,4,2,4,0,2,4,3,3,1,5
8/4/13,3,10:44,5,0,1,5,0,0,5,1,5,0,1,5,2,2,1,5
8/4/13,6,15:59,4,0,3,5,0,0,4,1,5,0,1,5,2,3,1,5
8/4/13,7,17:57,5,-1,2,6,0,0,5,1,5,0,1,5,2,2,1,5
8/4/13,8,19:28,5,-1,2,5,-1,-1,5,1,5,-1,1,5,1,1,1,5
8/4/13,9,20:25,5,0,1,5,0,0,5,1,5,0,2,5,2,2,1,5
8/4/13,10,21:32,5,0,2,5,0,0,4,1,5,0,2,4,2,2,1,5